immatriculation,type_vehicule,avg_co2
PAR-1659,Diesel,422.3310551948052
PAR-2482,Electrique,418.7017780748663
PAR-1932,Diesel,420.87712892741064
PAR-2983,Electrique,420.4726322580645
PAR-2902,Electrique,422.85672945205476
PAR-2612,Hybride,417.4554186602871
PAR-1166,Electrique,421.8039859437751
PAR-1081,Electrique,419.53119940029984
PAR-1803,Hybride,417.9656983805668
PAR-2216,Electrique,420.28697547683925
PAR-1552,Electrique,417.683041749503
PAR-2465,Electrique,418.07784000000004
PAR-1937,Electrique,420.7834625788999
PAR-2926,Electrique,418.6533944069431
PAR-1403,Electrique,419.5516009852217
PAR-1894,Electrique,419.37455950540965
PAR-1462,Diesel,420.20198300283283
PAR-1653,Diesel,421.82699233716477
PAR-2442,Diesel,421.3833639947437
PAR-2835,Electrique,422.55811616954475
PAR-1168,Diesel,417.3239932885906
PAR-2838,Diesel,418.24566563467494
PAR-1384,Diesel,422.2528547854786
PAR-1904,Electrique,418.73251491053674
PAR-2178,Hybride,417.4554186602871
PAR-2218,Electrique,419.6541951219512
PAR-2049,Electrique,419.4801754385965
PAR-1246,Diesel,419.29592896174864
PAR-1743,Diesel,420.592
PAR-2279,Diesel,418.8558938547486
PAR-2290,Diesel,417.5430061349693
PAR-2163,Diesel,422.3310551948052
PAR-2622,Hybride,421.3098773006135
PAR-1089,Diesel,421.5792307692308
PAR-2211,Electrique,421.1664498644987
PAR-2320,Electrique,422.85672945205476
PAR-1376,Hybride,421.3098773006135
PAR-1874,Electrique,419.6641475095785
PAR-1915,Hybride,419.81199835526314
PAR-2536,Diesel,419.185974025974
PAR-2767,Hybride,419.37455950540965
PAR-1154,Electrique,417.92863570391876
PAR-1301,Electrique,416.3486290322581
PAR-1027,Diesel,417.3239932885906
PAR-1021,Diesel,420.8495340501792
PAR-1177,Diesel,419.4801754385965
PAR-1178,Diesel,421.2416246851385
PAR-1105,Diesel,418.82658031088084
PAR-2255,Hybride,418.6646551724138
PAR-2304,Electrique,418.8558938547486
PAR-1651,Diesel,419.37455950540965
PAR-1197,Electrique,419.7949
PAR-1671,Electrique,419.5516009852217
PAR-1356,Electrique,420.342534562212
PAR-2120,Diesel,421.3833639947437
PAR-2625,Diesel,417.2149236641221
PAR-2695,Hybride,419.98011396011395
PAR-2402,Electrique,419.6088987341773
PAR-2277,Electrique,419.6088987341773
PAR-2354,Diesel,421.5792307692308
PAR-2862,Diesel,418.6646551724138
PAR-2954,Electrique,417.4554186602871
PAR-1444,Electrique,418.3830081300813
PAR-2584,Hybride,418.43381250000004
PAR-2600,Diesel,416.3486290322581
PAR-2091,Electrique,418.85557034220534
PAR-2679,Diesel,421.108547595682
PAR-1344,Hybride,420.16370370370373
PAR-1006,Hybride,418.73251491053674
PAR-1779,Diesel,421.5647348484848
PAR-1303,Diesel,418.77904689863846
PAR-2026,Electrique,420.5825865580448
PAR-2333,Diesel,422.2528547854786
PAR-1909,Electrique,421.28230443974627
PAR-1707,Electrique,417.24557284299857
PAR-1966,Hybride,417.46698492462315
PAR-2323,Diesel,421.8039859437751
PAR-2844,Diesel,420.23992317541615
PAR-2847,Electrique,418.43381250000004
PAR-1279,Diesel,419.76446979865773
PAR-1967,Electrique,417.76723702664793
PAR-1369,Diesel,421.3098773006135
PAR-2076,Electrique,420.9110780669145
PAR-1975,Hybride,422.2528547854786
PAR-2583,Diesel,422.2528547854786
PAR-2020,Diesel,417.2149236641221
PAR-2905,Electrique,421.3833639947437
PAR-1423,Electrique,421.89889285714287
PAR-1053,Diesel,418.77904689863846
PAR-1336,Diesel,419.3142141623489
PAR-1576,Hybride,419.22746223564957
PAR-1317,Diesel,420.0196111111111
PAR-1838,Electrique,421.06052631578945
PAR-2513,Hybride,418.3830081300813
PAR-2859,Hybride,418.46716017316015
PAR-2744,Hybride,417.683041749503
PAR-2906,Diesel,421.89889285714287
PAR-2484,Diesel,418.6646551724138
PAR-1358,Electrique,421.2416246851385
PAR-1245,Electrique,418.8558938547486
PAR-2042,Diesel,418.73251491053674
PAR-1908,Diesel,421.6367924528302
PAR-1309,Diesel,419.76446979865773
PAR-1431,Diesel,420.70828413284136
PAR-1162,Diesel,421.5647348484848
PAR-1223,Diesel,418.7017780748663
PAR-1346,Electrique,419.73376554174064
PAR-2362,Diesel,420.4726322580645
PAR-2449,Diesel,421.38309734513274
PAR-1636,Diesel,418.7017780748663
PAR-2958,Hybride,417.4554186602871
PAR-1108,Diesel,421.6367924528302
PAR-1396,Electrique,418.24566563467494
PAR-1329,Diesel,417.4554186602871
PAR-2754,Diesel,418.85557034220534
PAR-2440,Electrique,420.23992317541615
PAR-1324,Diesel,417.4554186602871
PAR-2833,Hybride,422.2223006134969
PAR-1513,Diesel,420.23992317541615
PAR-1189,Diesel,419.37455950540965
PAR-1734,Hybride,421.2416246851385
PAR-2002,Diesel,422.7606472795497
PAR-1990,Electrique,417.683041749503
PAR-2938,Electrique,419.37455950540965
PAR-1206,Diesel,419.73376554174064
PAR-1210,Diesel,419.4801754385965
PAR-2057,Hybride,420.20198300283283
PAR-2135,Diesel,420.61657060518735
PAR-1675,Electrique,418.07784000000004
PAR-2126,Diesel,420.9850205761317
PAR-1224,Electrique,417.5430061349693
PAR-1020,Diesel,421.6367924528302
PAR-1855,Electrique,416.4998670212766
PAR-2467,Diesel,420.34975609756094
PAR-2676,Diesel,419.3623266022827
PAR-1736,Hybride,421.6367924528302
PAR-1367,Electrique,422.7606472795497
PAR-2038,Hybride,419.73376554174064
PAR-2803,Electrique,420.23992317541615
PAR-1142,Diesel,421.82699233716477
PAR-1794,Diesel,420.592
PAR-1375,Electrique,422.55811616954475
PAR-2170,Hybride,421.82699233716477
PAR-2166,Diesel,422.289266802444
PAR-2761,Electrique,422.87001362397825
PAR-2775,Hybride,420.8495340501792
PAR-1646,Electrique,420.342534562212
PAR-2191,Electrique,419.37455950540965
PAR-2826,Diesel,421.6367924528302
PAR-1619,Electrique,417.4554186602871
PAR-2829,Hybride,419.185974025974
PAR-2553,Electrique,420.592
PAR-1565,Hybride,421.3833639947437
PAR-1043,Diesel,417.24557284299857
PAR-1420,Electrique,421.2416246851385
PAR-2401,Hybride,419.19060957910017
PAR-2630,Electrique,422.2223006134969
PAR-2673,Electrique,420.34975609756094
PAR-1287,Hybride,419.7129188255613
PAR-1951,Diesel,419.6088987341773
PAR-1251,Electrique,419.6541951219512
PAR-1192,Diesel,421.5647348484848
PAR-1996,Electrique,420.87712892741064
PAR-2311,Hybride,416.3486290322581
PAR-1203,Electrique,422.55811616954475
PAR-1507,Diesel,418.82658031088084
PAR-1036,Diesel,417.683041749503
PAR-1901,Electrique,419.22746223564957
PAR-2168,Diesel,420.58143962848294
PAR-1689,Diesel,419.81199835526314
PAR-1337,Electrique,421.1664498644987
PAR-2389,Diesel,421.7245025510204
PAR-1425,Hybride,418.77904689863846
PAR-2818,Hybride,422.2528547854786
PAR-1925,Electrique,422.0762877871826
PAR-2433,Diesel,419.81199835526314
PAR-2911,Hybride,421.7245025510204
PAR-1906,Diesel,421.06052631578945
PAR-2151,Electrique,419.3142141623489
PAR-1624,Diesel,422.3310551948052
PAR-1249,Diesel,420.7834625788999
PAR-1766,Electrique,421.89889285714287
PAR-1683,Hybride,420.61657060518735
PAR-1840,Electrique,422.87001362397825
PAR-1640,Diesel,422.85672945205476
PAR-2177,Diesel,418.24566563467494
PAR-2782,Diesel,419.1359170013387
PAR-1124,Diesel,420.58143962848294
PAR-2959,Diesel,422.289266802444
PAR-2965,Diesel,417.9656983805668
PAR-1116,Hybride,417.9656983805668
PAR-2119,Hybride,420.16370370370373
PAR-1877,Diesel,419.3623266022827
PAR-2821,Diesel,420.9110780669145
PAR-1818,Diesel,422.7606472795497
PAR-1005,Electrique,418.58067599067596
PAR-2326,Electrique,419.19060957910017
PAR-2303,Hybride,420.70828413284136
PAR-1373,Diesel,420.0648012718601
PAR-2970,Hybride,421.7245025510204
PAR-2946,Electrique,419.81199835526314
PAR-2596,Electrique,419.185974025974
PAR-2377,Diesel,422.2223006134969
PAR-2102,Diesel,421.1664498644987
PAR-2312,Electrique,420.5825865580448
PAR-2591,Diesel,420.20198300283283
PAR-2010,Diesel,419.5516009852217
PAR-1032,Diesel,420.28697547683925
PAR-2567,Hybride,421.5647348484848
PAR-2656,Diesel,420.342534562212
PAR-1244,Diesel,417.5430061349693
PAR-1658,Diesel,417.683041749503
PAR-1153,Diesel,417.2149236641221
PAR-1918,Diesel,421.24006640106245
PAR-1730,Electrique,422.2223006134969
PAR-1694,Electrique,421.5792307692308
PAR-2566,Hybride,420.9110780669145
PAR-2913,Hybride,419.7949
PAR-2912,Diesel,421.88445768772345
PAR-2657,Hybride,418.58067599067596
PAR-2437,Hybride,418.8558938547486
PAR-2665,Diesel,417.9656983805668
PAR-2650,Diesel,417.76723702664793
PAR-1809,Diesel,417.9656983805668
PAR-2891,Diesel,422.5241320754717
PAR-1758,Electrique,421.88445768772345
PAR-2052,Diesel,421.108547595682
PAR-1072,Diesel,418.19016333938293
PAR-1404,Diesel,420.4729892141756
PAR-2450,Diesel,419.7949
PAR-1515,Hybride,419.185974025974
PAR-1620,Electrique,421.89889285714287
PAR-1740,Diesel,418.3830081300813
PAR-2708,Hybride,421.89889285714287
PAR-2774,Electrique,419.1359170013387
PAR-1181,Hybride,420.8495340501792
PAR-2690,Electrique,416.3486290322581
PAR-2757,Hybride,421.2416246851385
PAR-2992,Electrique,417.24557284299857
PAR-1323,Electrique,418.73251491053674
PAR-1491,Diesel,419.29592896174864
PAR-2724,Electrique,421.82699233716477
PAR-2562,Hybride,419.98011396011395
PAR-2579,Hybride,421.3833639947437
PAR-2624,Diesel,421.24006640106245
PAR-2556,Diesel,420.23992317541615
PAR-1764,Hybride,420.0648012718601
PAR-2293,Diesel,420.61657060518735
PAR-2257,Electrique,421.1664498644987
PAR-1019,Hybride,418.8558938547486
PAR-2812,Diesel,418.07784000000004
PAR-1137,Diesel,422.85672945205476
PAR-2419,Electrique,421.5792307692308
PAR-2807,Diesel,420.70828413284136
PAR-2769,Diesel,421.5647348484848
PAR-2341,Diesel,419.7949
PAR-2602,Diesel,421.06052631578945
PAR-2607,Diesel,421.108547595682
PAR-2529,Diesel,417.46698492462315
PAR-1844,Diesel,417.9656983805668
PAR-2199,Diesel,420.70828413284136
PAR-1319,Diesel,419.185974025974
PAR-1433,Diesel,419.53119940029984
PAR-1205,Diesel,421.88445768772345
PAR-1772,Diesel,421.3833639947437
PAR-1869,Electrique,417.76723702664793
PAR-1257,Electrique,421.3098773006135
PAR-2056,Diesel,421.5647348484848
PAR-2577,Diesel,418.24566563467494
PAR-1784,Diesel,420.00151898734174
PAR-2015,Electrique,421.7245025510204
PAR-1167,Diesel,418.58067599067596
PAR-1199,Electrique,418.46716017316015
PAR-1063,Electrique,418.85557034220534
PAR-1568,Hybride,422.5241320754717
PAR-1755,Diesel,420.61657060518735
PAR-2653,Electrique,420.8495340501792
PAR-1155,Electrique,418.3830081300813
PAR-1273,Diesel,420.16370370370373
PAR-1615,Electrique,417.4554186602871
PAR-2535,Electrique,417.2149236641221
PAR-2998,Diesel,420.9110780669145
PAR-2867,Electrique,420.00151898734174
PAR-1448,Diesel,421.88445768772345
PAR-1009,Diesel,416.4998670212766
PAR-2048,Diesel,418.77904689863846
PAR-2169,Hybride,420.592
PAR-1546,Diesel,422.289266802444
PAR-2678,Diesel,422.87001362397825
PAR-2975,Electrique,420.58143962848294
PAR-1490,Diesel,418.6533944069431
PAR-1722,Electrique,421.06052631578945
PAR-1144,Diesel,416.3486290322581
PAR-2539,Diesel,418.7669630642955
PAR-1440,Electrique,419.6641475095785
PAR-2702,Electrique,419.19060957910017
PAR-1687,Diesel,421.06052631578945
PAR-1593,Diesel,421.1664498644987
PAR-1468,Diesel,421.89889285714287
PAR-2795,Hybride,420.7834625788999
PAR-1647,Diesel,418.7017780748663
PAR-1316,Diesel,421.5792307692308
PAR-1692,Diesel,421.5647348484848
PAR-1474,Diesel,420.70828413284136
PAR-1226,Electrique,419.185974025974
PAR-1919,Diesel,420.0196111111111
PAR-2681,Electrique,421.89889285714287
PAR-2374,Diesel,422.5241320754717
PAR-1957,Diesel,419.1359170013387
PAR-2554,Electrique,420.20198300283283
PAR-1016,Electrique,419.6541951219512
PAR-1151,Electrique,421.6367924528302
PAR-1523,Electrique,416.4998670212766
PAR-2696,Hybride,418.7669630642955
PAR-2044,Hybride,419.185974025974
PAR-2270,Diesel,417.76723702664793
PAR-2776,Diesel,419.5516009852217
PAR-1101,Diesel,419.3623266022827
PAR-2699,Diesel,421.6367924528302
PAR-2296,Diesel,418.73251491053674
PAR-1262,Diesel,421.06052631578945
PAR-2243,Diesel,420.87712892741064
PAR-1579,Diesel,420.0648012718601
PAR-2550,Electrique,419.53119940029984
PAR-2753,Electrique,420.58143962848294
PAR-1172,Diesel,422.55811616954475
PAR-1665,Electrique,422.2528547854786
PAR-1152,Diesel,419.81199835526314
PAR-1411,Electrique,419.73376554174064
PAR-2372,Diesel,422.3310551948052
PAR-1681,Diesel,419.3623266022827
PAR-1942,Diesel,422.5241320754717
PAR-2595,Electrique,419.4946529562982
PAR-1660,Hybride,421.108547595682
PAR-1710,Diesel,419.6541951219512
PAR-2227,Electrique,420.28697547683925
PAR-1686,Diesel,418.46716017316015
PAR-2451,Electrique,421.2416246851385
PAR-1982,Electrique,420.7834625788999
PAR-2397,Diesel,418.07784000000004
PAR-2664,Hybride,418.19016333938293
PAR-1234,Electrique,420.23992317541615
PAR-1392,Electrique,421.8039859437751
PAR-2219,Diesel,421.06052631578945
PAR-1691,Hybride,420.0648012718601
PAR-1684,Electrique,421.3098773006135
PAR-2023,Diesel,417.2149236641221
PAR-1847,Diesel,418.3830081300813
PAR-1033,Diesel,420.342534562212
PAR-1121,Diesel,421.5792307692308
PAR-1332,Electrique,420.8495340501792
PAR-2454,Hybride,420.4729892141756
PAR-1046,Diesel,420.00151898734174
PAR-1551,Diesel,420.87712892741064
PAR-1208,Diesel,421.3833639947437
PAR-1135,Hybride,420.9110780669145
PAR-2418,Electrique,421.5647348484848
PAR-2828,Diesel,421.5792307692308
PAR-1443,Hybride,419.1359170013387
PAR-1522,Electrique,418.58067599067596
PAR-2425,Electrique,419.5516009852217
PAR-1364,Diesel,418.7017780748663
PAR-1928,Hybride,420.34975609756094
PAR-2778,Diesel,418.85557034220534
PAR-1657,Electrique,420.7834625788999
PAR-1905,Electrique,419.76446979865773
PAR-2319,Hybride,421.6367924528302
PAR-2043,Diesel,418.58067599067596
PAR-2517,Electrique,419.1359170013387
PAR-1926,Electrique,419.37455950540965
PAR-2784,Diesel,421.28230443974627
PAR-1986,Electrique,420.61657060518735
PAR-1822,Electrique,420.0648012718601
PAR-2114,Diesel,419.19060957910017
PAR-1561,Diesel,419.6541951219512
PAR-1428,Electrique,419.3142141623489
PAR-2655,Diesel,417.5430061349693
PAR-1753,Electrique,421.7245025510204
PAR-1943,Diesel,420.592
PAR-1612,Diesel,422.2223006134969
PAR-2738,Hybride,421.28230443974627
PAR-1239,Hybride,418.85557034220534
PAR-2134,Diesel,421.1664498644987
PAR-1548,Electrique,418.24566563467494
PAR-1447,Diesel,420.28697547683925
PAR-1895,Electrique,421.3098773006135
PAR-2458,Electrique,417.4554186602871
PAR-1499,Diesel,421.6367924528302
PAR-2065,Electrique,417.3239932885906
PAR-1988,Diesel,422.7606472795497
PAR-1871,Electrique,420.4729892141756
PAR-1353,Diesel,417.9656983805668
PAR-2025,Electrique,419.19060957910017
PAR-2088,Electrique,420.4816685714286
PAR-1591,Hybride,417.9656983805668
PAR-1150,Hybride,418.46716017316015
PAR-1421,Hybride,421.1664498644987
PAR-1670,Diesel,421.88445768772345
PAR-2213,Hybride,417.4554186602871
PAR-1542,Electrique,422.0762877871826
PAR-1182,Diesel,418.7017780748663
PAR-1834,Diesel,421.3833639947437
PAR-1436,Electrique,419.1359170013387
PAR-1173,Electrique,420.34975609756094
PAR-2294,Diesel,422.85672945205476
PAR-2241,Electrique,421.2416246851385
PAR-1179,Electrique,417.76723702664793
PAR-2593,Diesel,422.6904369747899
PAR-2917,Hybride,419.1359170013387
PAR-1891,Diesel,420.70828413284136
PAR-2265,Diesel,421.3098773006135
PAR-1026,Electrique,417.2149236641221
PAR-1429,Electrique,419.76446979865773
PAR-2660,Diesel,420.342534562212
PAR-2783,Diesel,419.3623266022827
PAR-1541,Hybride,418.24566563467494
PAR-2502,Electrique,421.1664498644987
PAR-1437,Electrique,417.4554186602871
PAR-1896,Electrique,421.2416246851385
PAR-2966,Hybride,417.683041749503
PAR-1265,Diesel,420.4729892141756
PAR-1770,Diesel,417.3239932885906
PAR-1095,Diesel,422.87001362397825
PAR-1023,Diesel,419.7129188255613
PAR-2461,Electrique,419.53119940029984
PAR-2620,Electrique,418.43381250000004
PAR-2762,Electrique,420.28697547683925
PAR-2526,Electrique,417.9656983805668
PAR-1648,Electrique,418.3830081300813
PAR-1749,Diesel,421.7245025510204
PAR-1868,Diesel,421.1664498644987
PAR-1202,Diesel,418.85557034220534
PAR-1233,Diesel,418.07784000000004
PAR-1807,Diesel,421.7245025510204
PAR-1792,Diesel,422.289266802444
PAR-1797,Diesel,419.4946529562982
PAR-2384,Diesel,419.6541951219512
PAR-2623,Diesel,420.4533590733591
PAR-2210,Diesel,420.87712892741064
PAR-2793,Diesel,421.7245025510204
PAR-1357,Diesel,422.55811616954475
PAR-1520,Hybride,422.85672945205476
PAR-1460,Diesel,420.342534562212
PAR-1963,Diesel,420.28697547683925
PAR-2711,Diesel,417.3239932885906
PAR-1331,Diesel,421.88445768772345
PAR-1093,Hybride,421.3098773006135
PAR-2860,Hybride,417.4554186602871
PAR-1470,Diesel,417.683041749503
PAR-2760,Diesel,420.61657060518735
PAR-2881,Diesel,421.3098773006135
PAR-1112,Electrique,418.3830081300813
PAR-1161,Electrique,422.2528547854786
PAR-1506,Electrique,419.29592896174864
PAR-2494,Diesel,420.4533590733591
PAR-1299,Diesel,417.3239932885906
PAR-2981,Hybride,418.85557034220534
PAR-1801,Electrique,419.98011396011395
PAR-2237,Diesel,420.592
PAR-2694,Diesel,420.4816685714286
PAR-2931,Diesel,420.592
PAR-1446,Electrique,422.87001362397825
PAR-2850,Electrique,418.85557034220534
PAR-1382,Diesel,421.5792307692308
PAR-1810,Diesel,420.20198300283283
PAR-2165,Diesel,418.07784000000004
PAR-1469,Electrique,421.5647348484848
PAR-1275,Electrique,420.8495340501792
PAR-1417,Hybride,418.7017780748663
PAR-1532,Hybride,421.7245025510204
PAR-2580,Diesel,417.76723702664793
PAR-2240,Diesel,418.58067599067596
PAR-2967,Electrique,420.5825865580448
PAR-2288,Hybride,421.6367924528302
PAR-2305,Diesel,418.6646551724138
PAR-1360,Diesel,421.7245025510204
PAR-1342,Electrique,418.58067599067596
PAR-2034,Hybride,419.4946529562982
PAR-2869,Electrique,420.61657060518735
PAR-2951,Diesel,420.34975609756094
PAR-2441,Electrique,420.9110780669145
PAR-2472,Hybride,416.3486290322581
PAR-1188,Diesel,420.5825865580448
PAR-1815,Electrique,420.4729892141756
PAR-2635,Hybride,419.98011396011395
PAR-1338,Diesel,421.1664498644987
PAR-1307,Diesel,417.3239932885906
PAR-2278,Electrique,418.8558938547486
PAR-2504,Electrique,421.88445768772345
PAR-1879,Diesel,418.6646551724138
PAR-1700,Diesel,420.00151898734174
PAR-2552,Hybride,422.87001362397825
PAR-1387,Diesel,420.4533590733591
PAR-1852,Electrique,419.7129188255613
PAR-1829,Electrique,417.683041749503
PAR-1271,Diesel,420.9850205761317
PAR-2462,Diesel,417.5430061349693
PAR-2811,Electrique,420.5825865580448
PAR-1738,Hybride,421.1664498644987
PAR-2882,Hybride,417.46698492462315
PAR-1892,Diesel,419.29592896174864
PAR-1060,Electrique,421.89889285714287
PAR-2801,Diesel,419.81199835526314
PAR-2390,Diesel,419.4801754385965
PAR-2876,Electrique,417.92863570391876
PAR-1543,Hybride,420.23992317541615
PAR-1916,Electrique,420.592
PAR-1139,Hybride,420.8495340501792
PAR-1371,Diesel,421.24006640106245
PAR-1737,Diesel,420.58143962848294
PAR-2689,Diesel,419.3623266022827
PAR-1225,Electrique,416.3486290322581
PAR-1720,Diesel,418.43381250000004
PAR-1455,Diesel,420.8495340501792
PAR-1549,Diesel,421.5647348484848
PAR-1676,Electrique,417.5430061349693
PAR-2487,Electrique,421.3098773006135
PAR-2075,Electrique,419.37455950540965
PAR-2422,Electrique,418.8558938547486
PAR-1859,Electrique,417.92863570391876
PAR-2117,Diesel,418.7017780748663
PAR-1899,Electrique,420.00151898734174
PAR-1727,Electrique,420.58143962848294
PAR-2154,Diesel,420.70828413284136
PAR-1812,Diesel,419.5516009852217
PAR-1466,Diesel,420.23992317541615
PAR-2825,Diesel,419.98011396011395
PAR-2883,Diesel,420.5825865580448
PAR-1011,Diesel,419.98011396011395
PAR-2148,Diesel,420.9850205761317
PAR-2399,Diesel,420.9850205761317
PAR-1931,Electrique,418.85557034220534
PAR-2459,Hybride,420.23992317541615
PAR-2845,Diesel,421.3833639947437
PAR-1578,Diesel,418.85557034220534
PAR-1389,Diesel,420.23992317541615
PAR-1744,Electrique,422.2528547854786
PAR-2246,Diesel,421.7245025510204
PAR-2564,Diesel,420.4533590733591
PAR-1398,Diesel,421.108547595682
PAR-1017,Electrique,420.4729892141756
PAR-1471,Hybride,418.77904689863846
PAR-2339,Diesel,419.3142141623489
PAR-1959,Diesel,419.5516009852217
PAR-2488,Diesel,420.00151898734174
PAR-2416,Hybride,420.9850205761317
PAR-1143,Diesel,420.9850205761317
PAR-2561,Diesel,421.5792307692308
PAR-2391,Electrique,419.185974025974
PAR-1977,Diesel,418.6646551724138
PAR-1408,Diesel,417.9656983805668
PAR-2474,Diesel,421.38309734513274
PAR-1183,Diesel,420.4816685714286
PAR-2019,Hybride,422.6904369747899
PAR-2685,Electrique,417.4554186602871
PAR-2633,Diesel,420.592
PAR-2872,Diesel,421.28230443974627
PAR-2729,Diesel,421.1664498644987
PAR-1614,Hybride,421.5647348484848
PAR-2423,Electrique,420.7834625788999
PAR-2652,Diesel,422.85672945205476
PAR-2668,Diesel,419.73376554174064
PAR-1537,Diesel,420.8495340501792
PAR-2108,Electrique,419.3142141623489
PAR-1159,Electrique,417.3239932885906
PAR-1590,Electrique,419.3623266022827
PAR-1708,Diesel,420.16370370370373
PAR-2094,Electrique,419.73376554174064
PAR-2575,Electrique,416.3486290322581
PAR-1629,Hybride,422.7606472795497
PAR-1936,Diesel,418.19016333938293
PAR-1662,Diesel,418.6533944069431
PAR-1930,Diesel,417.76723702664793
PAR-1903,Diesel,421.88445768772345
PAR-1976,Hybride,421.3833639947437
PAR-1236,Hybride,419.73376554174064
PAR-2398,Diesel,418.7669630642955
PAR-2705,Diesel,419.73376554174064
PAR-2929,Hybride,422.3310551948052
PAR-1498,Electrique,421.28230443974627
PAR-2167,Electrique,421.2416246851385
PAR-1639,Diesel,420.0196111111111
PAR-2941,Hybride,421.1664498644987
PAR-2985,Electrique,418.6533944069431
PAR-1215,Electrique,419.76446979865773
PAR-2041,Hybride,422.3310551948052
PAR-1327,Diesel,421.108547595682
PAR-1104,Electrique,418.6646551724138
PAR-2360,Diesel,419.81199835526314
PAR-2756,Diesel,416.3486290322581
PAR-1860,Electrique,421.3098773006135
PAR-1917,Diesel,418.24566563467494
PAR-2639,Hybride,417.76723702664793
PAR-1698,Diesel,420.592
PAR-1656,Diesel,419.29592896174864
PAR-1409,Diesel,419.6641475095785
PAR-2594,Electrique,421.3098773006135
PAR-2945,Hybride,419.81199835526314
PAR-1147,Diesel,422.0762877871826
PAR-1641,Hybride,422.289266802444
PAR-1296,Diesel,420.4726322580645
PAR-2669,Diesel,417.46698492462315
PAR-1276,Hybride,422.85672945205476
PAR-2348,Diesel,420.70828413284136
PAR-2353,Electrique,419.76446979865773
PAR-1857,Diesel,419.5516009852217
PAR-1950,Diesel,420.70828413284136
PAR-2597,Electrique,419.4946529562982
PAR-2386,Diesel,418.8558938547486
PAR-1207,Diesel,420.70828413284136
PAR-1985,Electrique,422.85672945205476
PAR-1272,Diesel,421.38309734513274
PAR-2574,Diesel,417.46698492462315
PAR-2797,Diesel,420.61657060518735
PAR-2658,Electrique,419.3623266022827
PAR-1496,Diesel,421.5792307692308
PAR-2217,Hybride,421.1664498644987
PAR-1589,Diesel,420.28697547683925
PAR-1887,Diesel,419.3142141623489
PAR-1627,Diesel,422.5241320754717
PAR-2456,Electrique,420.7834625788999
PAR-1283,Electrique,420.4816685714286
PAR-1067,Diesel,420.23992317541615
PAR-1453,Electrique,418.82658031088084
PAR-2570,Electrique,418.7017780748663
PAR-1231,Diesel,422.87001362397825
PAR-2646,Electrique,421.89889285714287
PAR-1078,Electrique,419.7129188255613
PAR-1960,Electrique,419.1359170013387
PAR-1018,Diesel,419.6088987341773
PAR-1449,Diesel,419.6641475095785
PAR-1723,Electrique,417.46698492462315
PAR-2463,Diesel,420.342534562212
PAR-1350,Hybride,419.76446979865773
PAR-1830,Electrique,420.87712892741064
PAR-2109,Electrique,419.19060957910017
PAR-2161,Hybride,421.5647348484848
PAR-2559,Diesel,418.6646551724138
PAR-1269,Electrique,420.0196111111111
PAR-2589,Diesel,420.7834625788999
PAR-1318,Electrique,418.43381250000004
PAR-1365,Electrique,419.98011396011395
PAR-2373,Electrique,417.683041749503
PAR-2861,Diesel,416.3486290322581
PAR-2430,Hybride,419.185974025974
PAR-2864,Diesel,417.24557284299857
PAR-2915,Diesel,416.4998670212766
PAR-2060,Diesel,420.7834625788999
PAR-1622,Electrique,419.81199835526314
PAR-1953,Hybride,417.46698492462315
PAR-2122,Hybride,419.6541951219512
PAR-1574,Diesel,420.34975609756094
PAR-2663,Hybride,420.23992317541615
PAR-1253,Electrique,420.20198300283283
PAR-1948,Hybride,418.85557034220534
PAR-1041,Hybride,421.108547595682
PAR-1438,Electrique,417.683041749503
PAR-1575,Hybride,421.82699233716477
PAR-2904,Hybride,421.6367924528302
PAR-2118,Electrique,422.55811616954475
PAR-2997,Electrique,417.46698492462315
PAR-1030,Electrique,419.6088987341773
PAR-2964,Electrique,422.289266802444
PAR-2637,Electrique,420.4533590733591
PAR-2634,Hybride,417.2149236641221
PAR-1940,Diesel,421.82699233716477
PAR-2950,Electrique,420.7834625788999
PAR-1388,Diesel,420.592
PAR-1947,Diesel,421.3833639947437
PAR-1654,Diesel,417.2149236641221
PAR-1821,Electrique,422.87001362397825
PAR-1833,Diesel,420.7834625788999
PAR-1598,Hybride,420.0196111111111
PAR-2267,Hybride,422.2223006134969
PAR-2944,Electrique,420.4726322580645
PAR-1811,Diesel,419.73376554174064
PAR-2016,Diesel,419.73376554174064
PAR-2072,Hybride,416.4998670212766
PAR-1599,Diesel,422.2528547854786
PAR-2586,Electrique,420.592
PAR-1735,Electrique,417.24557284299857
PAR-1012,Hybride,418.6646551724138
PAR-1125,Hybride,420.0648012718601
PAR-1875,Diesel,420.5825865580448
PAR-2021,Diesel,417.5430061349693
PAR-2359,Electrique,421.5647348484848
PAR-1312,Electrique,420.342534562212
PAR-2366,Electrique,418.07784000000004
PAR-2206,Diesel,421.24006640106245
PAR-2069,Electrique,422.87001362397825
PAR-2259,Diesel,421.38309734513274
PAR-1042,Diesel,422.7606472795497
PAR-1638,Electrique,419.1359170013387
PAR-2157,Electrique,422.5241320754717
PAR-1752,Diesel,420.8495340501792
PAR-1340,Electrique,419.76446979865773
PAR-1851,Electrique,419.185974025974
PAR-1643,Diesel,419.53119940029984
PAR-1635,Electrique,420.592
PAR-1550,Diesel,417.5430061349693
PAR-1625,Electrique,417.3239932885906
PAR-1366,Electrique,420.0196111111111
PAR-1739,Diesel,417.683041749503
PAR-1352,Electrique,420.28697547683925
PAR-2842,Diesel,417.92863570391876
PAR-1914,Electrique,417.9656983805668
PAR-2707,Electrique,418.6533944069431
PAR-1216,Electrique,419.76446979865773
PAR-1596,Diesel,419.29592896174864
PAR-2735,Electrique,418.7669630642955
PAR-1401,Hybride,419.4801754385965
PAR-1517,Hybride,422.0762877871826
PAR-1872,Diesel,419.4801754385965
PAR-2995,Hybride,419.29592896174864
PAR-2370,Electrique,418.77904689863846
PAR-1804,Diesel,420.342534562212
PAR-2379,Electrique,420.7834625788999
PAR-1049,Electrique,421.38309734513274
PAR-1059,Hybride,421.108547595682
PAR-2572,Diesel,418.6646551724138
PAR-2146,Electrique,420.34975609756094
PAR-2851,Electrique,419.37455950540965
PAR-1100,Diesel,420.9850205761317
PAR-1969,Electrique,420.0196111111111
PAR-2715,Diesel,421.38309734513274
PAR-1577,Hybride,420.70828413284136
PAR-1806,Diesel,418.43381250000004
PAR-2989,Hybride,417.683041749503
PAR-2104,Diesel,419.29592896174864
PAR-2214,Hybride,420.4729892141756
PAR-2316,Diesel,420.342534562212
PAR-2050,Diesel,418.82658031088084
PAR-2194,Electrique,420.20198300283283
PAR-2328,Electrique,421.5647348484848
PAR-2692,Electrique,421.3098773006135
PAR-1031,Diesel,420.0648012718601
PAR-2260,Diesel,421.8039859437751
PAR-1964,Diesel,419.4801754385965
PAR-1088,Diesel,421.108547595682
PAR-2693,Electrique,417.2149236641221
PAR-2231,Hybride,419.29592896174864
PAR-1255,Electrique,420.58143962848294
PAR-2156,Electrique,419.6641475095785
PAR-2987,Hybride,416.3486290322581
PAR-1201,Hybride,420.4729892141756
PAR-1477,Diesel,420.9110780669145
PAR-2758,Diesel,420.0648012718601
PAR-2573,Diesel,419.3142141623489
PAR-1222,Diesel,422.87001362397825
PAR-1729,Electrique,420.5825865580448
PAR-2446,Hybride,417.24557284299857
PAR-2053,Diesel,417.5430061349693
PAR-1704,Diesel,422.7606472795497
PAR-2289,Diesel,419.37455950540965
PAR-1774,Diesel,420.342534562212
PAR-2123,Diesel,418.8558938547486
PAR-2051,Diesel,418.19016333938293
PAR-1277,Hybride,421.5647348484848
PAR-2972,Diesel,420.5825865580448
PAR-1213,Diesel,417.46698492462315
PAR-2011,Diesel,420.0196111111111
PAR-1090,Diesel,422.7606472795497
PAR-2486,Electrique,420.4533590733591
PAR-2991,Hybride,419.3142141623489
PAR-1163,Electrique,417.9656983805668
PAR-1531,Diesel,419.53119940029984
PAR-2371,Electrique,421.5647348484848
PAR-1120,Diesel,418.77904689863846
PAR-2424,Diesel,420.4729892141756
PAR-2852,Hybride,418.43381250000004
PAR-2368,Hybride,419.4946529562982
PAR-1516,Electrique,417.4554186602871
PAR-1334,Hybride,418.77904689863846
PAR-1912,Hybride,420.4816685714286
PAR-2557,Diesel,420.58143962848294
PAR-2686,Hybride,420.342534562212
PAR-2960,Electrique,421.108547595682
PAR-2078,Hybride,422.2528547854786
PAR-1473,Electrique,418.46716017316015
PAR-2105,Diesel,422.87001362397825
PAR-1028,Diesel,421.82699233716477
PAR-2382,Electrique,420.4533590733591
PAR-2202,Electrique,421.06052631578945
PAR-2771,Diesel,419.81199835526314
PAR-1243,Diesel,420.16370370370373
PAR-1836,Diesel,420.4533590733591
PAR-2334,Diesel,420.28697547683925
PAR-2537,Electrique,419.1359170013387
PAR-2263,Diesel,421.88445768772345
PAR-2718,Diesel,418.85557034220534
PAR-1274,Diesel,416.3486290322581
PAR-1393,Diesel,421.38309734513274
PAR-1828,Diesel,421.5792307692308
PAR-2723,Electrique,422.5241320754717
PAR-2378,Hybride,422.87001362397825
PAR-2275,Electrique,418.7017780748663
PAR-1149,Hybride,418.85557034220534
PAR-1526,Electrique,419.7129188255613
PAR-1634,Electrique,418.6533944069431
PAR-1410,Diesel,416.4998670212766
PAR-2173,Electrique,417.46698492462315
PAR-1997,Electrique,420.23992317541615
PAR-2840,Electrique,417.2149236641221
PAR-1399,Electrique,419.185974025974
PAR-1418,Diesel,419.81199835526314
PAR-2489,Electrique,419.73376554174064
PAR-1968,Hybride,420.34975609756094
PAR-1038,Diesel,417.24557284299857
PAR-2238,Hybride,417.46698492462315
PAR-2709,Electrique,422.7606472795497
PAR-2691,Diesel,421.24006640106245
PAR-1024,Hybride,421.88445768772345
PAR-2909,Diesel,419.3142141623489
PAR-2507,Electrique,418.07784000000004
PAR-1492,Electrique,421.1664498644987
PAR-2111,Diesel,420.0196111111111
PAR-2040,Diesel,420.9110780669145
PAR-2817,Diesel,419.81199835526314
PAR-1882,Electrique,420.28697547683925
PAR-1258,Hybride,422.87001362397825
PAR-1757,Hybride,418.3830081300813
PAR-1907,Hybride,420.5825865580448
PAR-1631,Diesel,420.34975609756094
PAR-1065,Diesel,418.82658031088084
PAR-2922,Electrique,420.00151898734174
PAR-2357,Electrique,419.98011396011395
PAR-2431,Electrique,420.34975609756094
PAR-1695,Hybride,419.6541951219512
PAR-1962,Diesel,419.19060957910017
PAR-1529,Hybride,420.28697547683925
PAR-1304,Hybride,418.46716017316015
PAR-1954,Electrique,419.1359170013387
PAR-1983,Hybride,419.22746223564957
PAR-1995,Hybride,420.9110780669145
PAR-1091,Diesel,420.592
PAR-1570,Electrique,419.19060957910017
PAR-1672,Diesel,420.23992317541615
PAR-2045,Diesel,417.2149236641221
PAR-2282,Electrique,421.88445768772345
PAR-2427,Diesel,418.7017780748663
PAR-1110,Diesel,416.3486290322581
PAR-2428,Hybride,420.592
PAR-2808,Diesel,420.4729892141756
PAR-2181,Diesel,419.19060957910017
PAR-2885,Diesel,419.185974025974
PAR-2546,Diesel,418.8558938547486
PAR-1991,Diesel,418.24566563467494
PAR-1372,Diesel,421.82699233716477
PAR-1508,Hybride,422.87001362397825
PAR-2495,Hybride,420.592
PAR-2632,Hybride,421.06052631578945
PAR-2506,Electrique,418.6646551724138
PAR-1103,Diesel,419.7949
PAR-1511,Electrique,419.19060957910017
PAR-1107,Diesel,420.58143962848294
PAR-1604,Diesel,419.22746223564957
PAR-2837,Diesel,420.70828413284136
PAR-1001,Diesel,419.81199835526314
PAR-1762,Diesel,420.28697547683925
PAR-2252,Diesel,420.0648012718601
PAR-1663,Diesel,420.00151898734174
PAR-2351,Electrique,420.5825865580448
PAR-1111,Hybride,420.9850205761317
PAR-1069,Electrique,419.19060957910017
PAR-2621,Diesel,422.3310551948052
PAR-1835,Diesel,421.8039859437751
PAR-2125,Diesel,421.108547595682
PAR-2302,Electrique,419.98011396011395
PAR-2976,Diesel,418.82658031088084
PAR-1175,Electrique,419.73376554174064
PAR-2896,Diesel,419.29592896174864
PAR-1642,Electrique,419.4946529562982
PAR-1746,Electrique,417.76723702664793
PAR-2130,Electrique,422.2528547854786
PAR-2846,Hybride,418.3830081300813
PAR-2955,Electrique,418.7017780748663
PAR-1351,Diesel,417.683041749503
PAR-2936,Hybride,419.1359170013387
PAR-2940,Diesel,420.58143962848294
PAR-2856,Diesel,422.6904369747899
PAR-2404,Diesel,420.4729892141756
PAR-2734,Electrique,418.6646551724138
PAR-2737,Hybride,420.70828413284136
PAR-2980,Electrique,419.19060957910017
PAR-2095,Diesel,420.9850205761317
PAR-1717,Diesel,420.23992317541615
PAR-1856,Hybride,421.3098773006135
PAR-2318,Electrique,422.3310551948052
PAR-1380,Hybride,416.4998670212766
PAR-1264,Hybride,420.58143962848294
PAR-2145,Diesel,417.683041749503
PAR-2749,Electrique,420.4729892141756
PAR-2001,Diesel,418.46716017316015
PAR-2329,Diesel,417.46698492462315
PAR-2192,Hybride,420.0196111111111
PAR-2385,Diesel,419.29592896174864
PAR-1084,Electrique,421.28230443974627
PAR-1688,Diesel,419.3623266022827
PAR-1427,Diesel,418.58067599067596
PAR-2063,Diesel,421.38309734513274
PAR-2565,Diesel,421.8039859437751
PAR-2927,Electrique,418.7017780748663
PAR-1302,Electrique,419.3623266022827
PAR-2340,Hybride,422.87001362397825
PAR-1290,Diesel,422.3310551948052
PAR-2235,Electrique,417.9656983805668
PAR-2644,Electrique,419.6641475095785
PAR-2477,Electrique,419.76446979865773
PAR-2325,Hybride,419.1359170013387
PAR-2719,Electrique,422.0762877871826
PAR-2986,Diesel,422.5241320754717
PAR-2750,Hybride,421.3833639947437
PAR-2273,Electrique,420.5825865580448
PAR-1094,Hybride,420.5825865580448
PAR-2733,Electrique,420.8495340501792
PAR-2843,Diesel,421.5792307692308
PAR-1058,Diesel,420.5825865580448
PAR-1465,Diesel,421.06052631578945
PAR-1699,Electrique,418.07784000000004
PAR-2299,Diesel,420.61657060518735
PAR-2264,Diesel,420.0196111111111
PAR-2672,Electrique,421.5792307692308
PAR-2228,Hybride,417.4554186602871
PAR-1602,Diesel,417.3239932885906
PAR-2910,Electrique,419.3623266022827
PAR-1218,Diesel,418.82658031088084
PAR-1157,Electrique,420.4729892141756
PAR-1237,Diesel,417.2149236641221
PAR-1314,Electrique,420.0648012718601
PAR-2309,Diesel,418.82658031088084
PAR-2269,Diesel,422.289266802444
PAR-1788,Electrique,419.98011396011395
PAR-1841,Diesel,422.85672945205476
PAR-1927,Electrique,418.73251491053674
PAR-2106,Hybride,421.28230443974627
PAR-1790,Electrique,419.37455950540965
PAR-2895,Hybride,418.43381250000004
PAR-1227,Diesel,422.7606472795497
PAR-1573,Hybride,420.592
PAR-1400,Diesel,421.38309734513274
PAR-1478,Diesel,421.24006640106245
PAR-2195,Hybride,418.7669630642955
PAR-1786,Diesel,420.7834625788999
PAR-2445,Electrique,422.0762877871826
PAR-1113,Diesel,419.3623266022827
PAR-1609,Hybride,419.29592896174864
PAR-2236,Electrique,421.108547595682
PAR-2457,Diesel,421.6367924528302
PAR-1285,Diesel,420.4816685714286
PAR-2533,Electrique,419.19060957910017
PAR-1970,Hybride,420.0648012718601
PAR-1979,Electrique,421.24006640106245
PAR-1512,Diesel,420.00151898734174
PAR-1588,Diesel,418.82658031088084
PAR-2182,Diesel,419.73376554174064
PAR-2907,Diesel,418.82658031088084
PAR-1826,Diesel,420.58143962848294
PAR-2363,Hybride,417.3239932885906
PAR-1158,Diesel,420.58143962848294
PAR-1510,Hybride,420.0648012718601
PAR-1866,Electrique,420.5825865580448
PAR-1555,Diesel,421.3833639947437
PAR-1780,Diesel,421.8039859437751
PAR-2853,Diesel,419.6088987341773
PAR-2823,Diesel,418.85557034220534
PAR-1007,Hybride,422.6904369747899
PAR-2007,Electrique,421.8039859437751
PAR-2367,Diesel,420.28697547683925
PAR-2054,Diesel,420.4729892141756
PAR-2089,Diesel,419.53119940029984
PAR-2870,Electrique,421.3833639947437
PAR-1286,Diesel,419.76446979865773
PAR-1479,Diesel,416.4998670212766
PAR-1191,Diesel,421.38309734513274
PAR-1613,Diesel,417.24557284299857
PAR-2100,Electrique,419.98011396011395
PAR-1260,Hybride,419.22746223564957
PAR-1853,Diesel,418.82658031088084
PAR-2666,Electrique,419.53119940029984
PAR-2763,Hybride,418.24566563467494
PAR-2659,Hybride,417.3239932885906
PAR-1769,Electrique,418.73251491053674
PAR-1390,Diesel,418.7017780748663
PAR-2500,Electrique,420.4729892141756
PAR-2292,Hybride,417.5430061349693
PAR-2083,Diesel,419.185974025974
PAR-2149,Diesel,418.7669630642955
PAR-1348,Diesel,420.28697547683925
PAR-2670,Diesel,421.89889285714287
PAR-1221,Electrique,419.7129188255613
PAR-2661,Diesel,421.3833639947437
PAR-2479,Diesel,420.4729892141756
PAR-1333,Diesel,419.73376554174064
PAR-2601,Diesel,419.29592896174864
PAR-1241,Diesel,421.5792307692308
PAR-2171,Electrique,418.85557034220534
PAR-2137,Diesel,420.28697547683925
PAR-2344,Electrique,419.6641475095785
PAR-1816,Hybride,417.2149236641221
PAR-2475,Hybride,416.4998670212766
PAR-1825,Electrique,421.8039859437751
PAR-2923,Electrique,418.77904689863846
PAR-2999,Diesel,422.0762877871826
PAR-2436,Diesel,418.7669630642955
PAR-2496,Diesel,416.3486290322581
PAR-1015,Hybride,422.5241320754717
PAR-2713,Electrique,419.7949
PAR-1456,Hybride,418.46716017316015
PAR-1831,Hybride,418.3830081300813
PAR-2519,Diesel,420.70828413284136
PAR-2703,Hybride,416.3486290322581
PAR-2903,Electrique,420.4533590733591
PAR-1567,Diesel,419.19060957910017
PAR-2739,Diesel,417.24557284299857
PAR-1571,Diesel,420.0648012718601
PAR-1034,Electrique,422.6904369747899
PAR-1805,Electrique,422.5241320754717
PAR-2221,Electrique,420.61657060518735
PAR-1476,Hybride,418.43381250000004
PAR-2133,Hybride,419.81199835526314
PAR-1261,Electrique,418.58067599067596
PAR-1068,Diesel,420.70828413284136
PAR-2523,Hybride,420.61657060518735
PAR-1076,Diesel,420.4816685714286
PAR-2865,Diesel,420.87712892741064
PAR-2468,Electrique,418.7017780748663
PAR-1500,Electrique,422.2223006134969
PAR-2101,Electrique,420.342534562212
PAR-2346,Hybride,418.19016333938293
PAR-2188,Hybride,421.3098773006135
PAR-1867,Diesel,418.77904689863846
PAR-2321,Hybride,417.3239932885906
PAR-2545,Electrique,418.82658031088084
PAR-2626,Diesel,419.53119940029984
PAR-2814,Diesel,419.3142141623489
PAR-1685,Diesel,422.2223006134969
PAR-2409,Diesel,422.87001362397825
PAR-2420,Electrique,420.5825865580448
PAR-2721,Diesel,422.55811616954475
PAR-2956,Hybride,417.3239932885906
PAR-1608,Electrique,420.7834625788999
PAR-1530,Diesel,418.07784000000004
PAR-1412,Diesel,417.4554186602871
PAR-2223,Hybride,422.2223006134969
PAR-2256,Diesel,416.4998670212766
PAR-1545,Electrique,420.0196111111111
PAR-1156,Diesel,420.8495340501792
PAR-1097,Electrique,421.6367924528302
PAR-2943,Diesel,422.87001362397825
PAR-1282,Electrique,418.07784000000004
PAR-1618,Hybride,420.28697547683925
PAR-1256,Diesel,418.7017780748663
PAR-1668,Diesel,420.70828413284136
PAR-2505,Hybride,419.7949
PAR-1099,Hybride,422.7606472795497
PAR-1586,Diesel,421.38309734513274
PAR-1628,Hybride,420.9110780669145
PAR-1993,Diesel,421.5792307692308
PAR-2179,Diesel,422.85672945205476
PAR-2388,Diesel,420.28697547683925
PAR-2727,Diesel,420.5825865580448
PAR-1775,Electrique,421.7245025510204
PAR-1760,Hybride,421.5647348484848
PAR-2375,Hybride,422.289266802444
PAR-2415,Diesel,422.0762877871826
PAR-1325,Electrique,418.3830081300813
PAR-1169,Hybride,421.88445768772345
PAR-1527,Diesel,420.0648012718601
PAR-1984,Hybride,418.46716017316015
PAR-2308,Hybride,421.24006640106245
PAR-1767,Diesel,418.7669630642955
PAR-2785,Hybride,422.55811616954475
PAR-1250,Diesel,419.81199835526314
PAR-2287,Diesel,421.5792307692308
PAR-1848,Hybride,421.06052631578945
PAR-1626,Electrique,420.28697547683925
PAR-2525,Electrique,421.06052631578945
PAR-2512,Hybride,421.3833639947437
PAR-2939,Electrique,418.82658031088084
PAR-2615,Diesel,420.0648012718601
PAR-2636,Diesel,420.70828413284136
PAR-1194,Electrique,420.23992317541615
PAR-1888,Diesel,422.2223006134969
PAR-1724,Electrique,420.592
PAR-2697,Diesel,418.46716017316015
PAR-1079,Diesel,418.82658031088084
PAR-2215,Electrique,418.07784000000004
PAR-1378,Electrique,421.6367924528302
PAR-2286,Diesel,422.3310551948052
PAR-2014,Diesel,420.7834625788999
PAR-2039,Electrique,420.87712892741064
PAR-2209,Electrique,420.4726322580645
PAR-1057,Hybride,420.34975609756094
PAR-2295,Diesel,420.4533590733591
PAR-2603,Diesel,420.0648012718601
PAR-2429,Electrique,420.5825865580448
PAR-1756,Hybride,421.5647348484848
PAR-2253,Electrique,420.87712892741064
PAR-2332,Electrique,422.2528547854786
PAR-2460,Diesel,418.24566563467494
PAR-2886,Diesel,421.89889285714287
PAR-2957,Electrique,421.1664498644987
PAR-2061,Electrique,421.3833639947437
PAR-1288,Electrique,419.76446979865773
PAR-1898,Electrique,419.1359170013387
PAR-2141,Diesel,419.53119940029984
PAR-2448,Diesel,422.6904369747899
PAR-1712,Diesel,419.1359170013387
PAR-2230,Hybride,421.7245025510204
PAR-2617,Electrique,420.592
PAR-2648,Diesel,422.55811616954475
PAR-2093,Electrique,420.7834625788999
PAR-2873,Hybride,418.19016333938293
PAR-1693,Diesel,421.5792307692308
PAR-1475,Diesel,419.185974025974
PAR-1128,Electrique,421.06052631578945
PAR-1994,Electrique,421.108547595682
PAR-2741,Diesel,418.19016333938293
PAR-2794,Hybride,422.2528547854786
PAR-2544,Electrique,420.00151898734174
PAR-1039,Electrique,421.6367924528302
PAR-2184,Diesel,421.2416246851385
PAR-2606,Diesel,421.1664498644987
PAR-2979,Diesel,418.7017780748663
PAR-1118,Hybride,418.6646551724138
PAR-1349,Diesel,419.53119940029984
PAR-1839,Electrique,418.07784000000004
PAR-2640,Diesel,419.185974025974
PAR-2982,Diesel,422.7606472795497
PAR-1070,Diesel,418.8558938547486
PAR-2830,Diesel,420.16370370370373
PAR-2854,Electrique,418.3830081300813
PAR-1092,Diesel,417.4554186602871
PAR-2478,Diesel,422.2223006134969
PAR-1209,Electrique,421.7245025510204
PAR-2127,Hybride,417.9656983805668
PAR-2327,Electrique,419.22746223564957
PAR-1133,Diesel,419.5516009852217
PAR-1214,Hybride,418.3830081300813
PAR-1557,Hybride,420.20198300283283
PAR-2839,Diesel,418.77904689863846
PAR-1617,Diesel,419.6541951219512
PAR-2984,Diesel,417.5430061349693
PAR-1843,Diesel,421.24006640106245
PAR-1096,Diesel,420.34975609756094
PAR-1164,Diesel,417.4554186602871
PAR-1486,Hybride,419.98011396011395
PAR-2331,Diesel,422.0762877871826
PAR-1130,Electrique,422.2223006134969
PAR-1435,Diesel,422.87001362397825
PAR-2084,Hybride,420.4816685714286
PAR-2201,Electrique,420.4729892141756
PAR-1878,Electrique,418.43381250000004
PAR-2027,Hybride,419.29592896174864
PAR-2000,Diesel,418.6533944069431
PAR-1955,Diesel,417.24557284299857
PAR-1673,Hybride,421.28230443974627
PAR-1649,Diesel,417.683041749503
PAR-1413,Hybride,420.342534562212
PAR-1595,Hybride,419.1359170013387
PAR-1747,Diesel,420.00151898734174
PAR-1920,Diesel,421.108547595682
PAR-1949,Diesel,419.73376554174064
PAR-2677,Electrique,420.8495340501792
PAR-2863,Electrique,419.7129188255613
PAR-2155,Electrique,420.0648012718601
PAR-2453,Hybride,421.5647348484848
PAR-1132,Hybride,418.58067599067596
PAR-2877,Diesel,420.61657060518735
PAR-1281,Diesel,419.53119940029984
PAR-2364,Electrique,420.4726322580645
PAR-1397,Diesel,422.5241320754717
PAR-2490,Electrique,419.5516009852217
PAR-1073,Electrique,419.185974025974
PAR-2470,Electrique,421.24006640106245
PAR-2977,Hybride,419.185974025974
PAR-2765,Hybride,421.3098773006135
PAR-1320,Hybride,422.3310551948052
PAR-1055,Diesel,421.5792307692308
PAR-1171,Electrique,417.4554186602871
PAR-1539,Diesel,418.46716017316015
PAR-1355,Electrique,421.8039859437751
PAR-1235,Diesel,417.3239932885906
PAR-1956,Electrique,420.16370370370373
PAR-2150,Electrique,420.592
PAR-2046,Electrique,417.3239932885906
PAR-2324,Hybride,419.29592896174864
PAR-1883,Diesel,418.7669630642955
PAR-2469,Diesel,421.1664498644987
PAR-2116,Electrique,420.61657060518735
PAR-2009,Electrique,418.7669630642955
PAR-2193,Electrique,421.88445768772345
PAR-2716,Diesel,420.16370370370373
PAR-2414,Diesel,422.87001362397825
PAR-2030,Diesel,422.5241320754717
PAR-1280,Diesel,420.8495340501792
PAR-2242,Diesel,421.3098773006135
PAR-1778,Hybride,418.3830081300813
PAR-1945,Diesel,421.7245025510204
PAR-1845,Diesel,417.92863570391876
PAR-2993,Diesel,420.5825865580448
PAR-2144,Diesel,422.2528547854786
PAR-2654,Hybride,419.37455950540965
PAR-2160,Electrique,419.6641475095785
PAR-2092,Diesel,418.07784000000004
PAR-2730,Hybride,420.28697547683925
PAR-2747,Diesel,419.98011396011395
PAR-1115,Diesel,421.38309734513274
PAR-1922,Hybride,419.7949
PAR-2245,Electrique,419.4801754385965
PAR-1062,Diesel,420.28697547683925
PAR-2162,Diesel,418.43381250000004
PAR-1884,Hybride,422.289266802444
PAR-2455,Electrique,422.289266802444
PAR-1035,Diesel,422.2223006134969
PAR-2152,Electrique,420.4729892141756
PAR-1075,Diesel,420.16370370370373
PAR-2022,Hybride,420.9110780669145
PAR-2098,Diesel,419.73376554174064
PAR-1083,Hybride,417.46698492462315
PAR-1292,Electrique,420.0196111111111
PAR-2779,Electrique,417.5430061349693
PAR-1098,Diesel,420.9850205761317
PAR-1751,Electrique,418.82658031088084
PAR-1745,Diesel,418.43381250000004
PAR-1721,Hybride,420.342534562212
PAR-1566,Hybride,422.5241320754717
PAR-2581,Diesel,419.76446979865773
PAR-1126,Electrique,420.61657060518735
PAR-2509,Diesel,420.8495340501792
PAR-1705,Diesel,417.683041749503
PAR-1361,Diesel,420.34975609756094
PAR-1238,Electrique,419.7949
PAR-1547,Diesel,422.2528547854786
PAR-2096,Electrique,420.0648012718601
PAR-2376,Diesel,422.2223006134969
PAR-2746,Diesel,418.77904689863846
PAR-2971,Electrique,421.108547595682
PAR-2608,Electrique,421.8039859437751
PAR-1025,Diesel,419.81199835526314
PAR-1533,Diesel,422.2223006134969
PAR-1605,Hybride,420.23992317541615
PAR-1978,Hybride,417.46698492462315
PAR-2576,Hybride,419.7949
PAR-2464,Electrique,420.58143962848294
PAR-2411,Diesel,422.289266802444
PAR-1185,Electrique,419.185974025974
PAR-2682,Diesel,422.7606472795497
PAR-1494,Hybride,422.3310551948052
PAR-2651,Hybride,422.87001362397825
PAR-1519,Hybride,419.3623266022827
PAR-1266,Hybride,420.34975609756094
PAR-2508,Diesel,422.2528547854786
PAR-2400,Hybride,420.70828413284136
PAR-2222,Electrique,421.89889285714287
PAR-2300,Electrique,418.7017780748663
PAR-1497,Electrique,422.2528547854786
PAR-1716,Hybride,420.0196111111111
PAR-1719,Diesel,418.24566563467494
PAR-2226,Hybride,418.6646551724138
PAR-1379,Diesel,422.55811616954475
PAR-1610,Diesel,418.58067599067596
PAR-2688,Electrique,421.3833639947437
PAR-1074,Hybride,419.37455950540965
PAR-2518,Electrique,419.29592896174864
PAR-1013,Diesel,417.2149236641221
PAR-1326,Hybride,417.76723702664793
PAR-2888,Diesel,418.3830081300813
PAR-2857,Electrique,417.9656983805668
PAR-2330,Diesel,422.55811616954475
PAR-2822,Diesel,419.7949
PAR-2671,Hybride,422.2223006134969
PAR-1416,Electrique,422.2528547854786
PAR-1929,Diesel,418.6646551724138
PAR-1540,Diesel,421.3833639947437
PAR-2792,Electrique,419.185974025974
PAR-2534,Electrique,418.07784000000004
PAR-2788,Diesel,421.24006640106245
PAR-1339,Diesel,417.4554186602871
PAR-1559,Electrique,417.683041749503
PAR-2338,Electrique,418.7669630642955
PAR-1122,Hybride,418.43381250000004
PAR-1678,Diesel,419.185974025974
PAR-2498,Electrique,420.70828413284136
PAR-2680,Diesel,420.16370370370373
PAR-1394,Hybride,420.87712892741064
PAR-1987,Electrique,417.92863570391876
PAR-1813,Diesel,419.37455950540965
PAR-1789,Hybride,418.3830081300813
PAR-1422,Electrique,421.88445768772345
PAR-2568,Electrique,421.8039859437751
PAR-1773,Hybride,419.98011396011395
PAR-2742,Electrique,420.23992317541615
PAR-1886,Diesel,417.4554186602871
PAR-2203,Diesel,420.87712892741064
PAR-2405,Diesel,419.3623266022827
PAR-1010,Electrique,419.7129188255613
PAR-2787,Electrique,420.4726322580645
PAR-2849,Electrique,417.76723702664793
PAR-1082,Diesel,420.00151898734174
PAR-1335,Diesel,421.82699233716477
PAR-1085,Electrique,421.5647348484848
PAR-1294,Diesel,419.73376554174064
PAR-1212,Diesel,418.43381250000004
PAR-1270,Diesel,420.0648012718601
PAR-2142,Diesel,418.46716017316015
PAR-2115,Diesel,419.3142141623489
PAR-2930,Hybride,421.6367924528302
PAR-1607,Electrique,420.342534562212
PAR-1381,Diesel,417.24557284299857
PAR-2090,Diesel,420.8495340501792
PAR-1601,Diesel,421.8039859437751
PAR-1186,Hybride,419.98011396011395
PAR-1086,Hybride,420.58143962848294
PAR-2410,Hybride,418.7017780748663
PAR-1066,Electrique,419.185974025974
PAR-1534,Diesel,418.58067599067596
PAR-2466,Electrique,419.76446979865773
PAR-1451,Electrique,418.82658031088084
PAR-1633,Electrique,419.22746223564957
PAR-1305,Electrique,419.6088987341773
PAR-2248,Electrique,418.7017780748663
PAR-1582,Hybride,417.46698492462315
PAR-1482,Diesel,420.7834625788999
PAR-2174,Diesel,422.6904369747899
PAR-1750,Diesel,420.4533590733591
PAR-2342,Diesel,421.24006640106245
PAR-2381,Diesel,420.61657060518735
PAR-2516,Diesel,421.5647348484848
PAR-1341,Hybride,417.24557284299857
PAR-1521,Diesel,420.58143962848294
PAR-1293,Electrique,418.58067599067596
PAR-1528,Hybride,419.185974025974
PAR-1939,Diesel,418.82658031088084
PAR-2183,Diesel,420.4533590733591
PAR-2250,Diesel,418.77904689863846
PAR-2361,Diesel,421.24006640106245
PAR-1190,Diesel,420.61657060518735
PAR-2239,Hybride,417.4554186602871
PAR-1876,Hybride,418.3830081300813
PAR-1391,Diesel,421.28230443974627
PAR-1569,Diesel,417.683041749503
PAR-2889,Electrique,420.34975609756094
PAR-1667,Diesel,421.108547595682
PAR-1893,Hybride,420.592
PAR-1946,Diesel,418.46716017316015
PAR-2928,Electrique,421.3098773006135
PAR-1701,Hybride,418.19016333938293
PAR-2800,Diesel,419.29592896174864
PAR-1690,Electrique,420.20198300283283
PAR-1972,Diesel,422.289266802444
PAR-2520,Diesel,422.7606472795497
PAR-2079,Hybride,420.16370370370373
PAR-1463,Diesel,421.2416246851385
PAR-2140,Diesel,420.61657060518735
PAR-2225,Hybride,419.19060957910017
PAR-2085,Diesel,421.6367924528302
PAR-2933,Diesel,419.6088987341773
PAR-1861,Diesel,420.4533590733591
PAR-2604,Electrique,419.98011396011395
PAR-1921,Hybride,419.37455950540965
PAR-2628,Diesel,421.06052631578945
PAR-1832,Electrique,419.1359170013387
PAR-2077,Diesel,420.20198300283283
PAR-1863,Hybride,419.4946529562982
PAR-2752,Diesel,421.1664498644987
PAR-1709,Electrique,419.29592896174864
PAR-1934,Hybride,420.4729892141756
PAR-2196,Diesel,418.43381250000004
PAR-1742,Diesel,422.289266802444
PAR-1254,Diesel,422.5241320754717
PAR-2068,Hybride,420.87712892741064
PAR-2071,Electrique,418.6646551724138
PAR-1544,Hybride,418.77904689863846
PAR-2968,Diesel,422.2528547854786
PAR-2262,Diesel,421.8039859437751
PAR-2916,Diesel,417.2149236641221
PAR-1141,Hybride,417.92863570391876
PAR-2383,Diesel,420.61657060518735
PAR-2789,Hybride,421.3098773006135
PAR-1029,Diesel,422.85672945205476
PAR-1682,Diesel,422.87001362397825
PAR-2347,Diesel,417.76723702664793
PAR-2471,Diesel,417.4554186602871
PAR-1536,Diesel,421.38309734513274
PAR-2901,Electrique,418.7669630642955
PAR-2205,Diesel,420.0648012718601
PAR-1944,Electrique,419.1359170013387
PAR-2081,Hybride,418.77904689863846
PAR-2207,Diesel,417.4554186602871
PAR-1802,Diesel,418.77904689863846
PAR-2832,Electrique,420.4816685714286
PAR-1354,Electrique,420.8495340501792
PAR-1581,Diesel,419.185974025974
PAR-1263,Diesel,417.5430061349693
PAR-1106,Hybride,418.8558938547486
PAR-1808,Diesel,420.8495340501792
PAR-2493,Hybride,420.0196111111111
PAR-2590,Diesel,420.58143962848294
PAR-1127,Diesel,420.87712892741064
PAR-2973,Hybride,421.6367924528302
PAR-2392,Electrique,421.108547595682
PAR-2439,Electrique,421.3098773006135
PAR-1145,Electrique,418.3830081300813
PAR-2035,Diesel,418.43381250000004
PAR-2355,Electrique,419.81199835526314
PAR-2777,Diesel,419.19060957910017
PAR-2352,Diesel,419.53119940029984
PAR-1781,Diesel,417.683041749503
PAR-1793,Hybride,421.5647348484848
PAR-2365,Electrique,420.0196111111111
PAR-2407,Diesel,421.89889285714287
PAR-1787,Diesel,418.7669630642955
PAR-1174,Hybride,421.5647348484848
PAR-1560,Hybride,417.4554186602871
PAR-1765,Diesel,418.8558938547486
PAR-2649,Electrique,419.7129188255613
PAR-2908,Hybride,419.22746223564957
PAR-2198,Diesel,421.28230443974627
PAR-2380,Diesel,419.81199835526314
PAR-1347,Electrique,420.4533590733591
PAR-2772,Diesel,418.58067599067596
PAR-2598,Diesel,416.3486290322581
PAR-2138,Diesel,421.24006640106245
PAR-2180,Electrique,417.9656983805668
PAR-1616,Hybride,420.5825865580448
PAR-2291,Diesel,422.7606472795497
PAR-1198,Diesel,419.5516009852217
PAR-2510,Diesel,421.5792307692308
PAR-2618,Electrique,421.3098773006135
PAR-2878,Hybride,418.6533944069431
PAR-2582,Diesel,420.28697547683925
PAR-1054,Electrique,421.2416246851385
PAR-1697,Electrique,421.8039859437751
PAR-2647,Diesel,419.5516009852217
PAR-1718,Electrique,418.77904689863846
PAR-2799,Electrique,419.1359170013387
PAR-2531,Diesel,420.0648012718601
PAR-1862,Diesel,419.22746223564957
PAR-2232,Diesel,420.0196111111111
PAR-2874,Diesel,418.6646551724138
PAR-1890,Diesel,418.07784000000004
PAR-2563,Diesel,420.58143962848294
PAR-2700,Electrique,419.22746223564957
PAR-1119,Electrique,417.9656983805668
PAR-1630,Diesel,422.87001362397825
PAR-1359,Hybride,419.1359170013387
PAR-1623,Hybride,420.342534562212
PAR-2549,Electrique,417.683041749503
PAR-2394,Diesel,419.6541951219512
PAR-1820,Hybride,420.70828413284136
PAR-2008,Electrique,421.5647348484848
PAR-1556,Diesel,420.16370370370373
PAR-2611,Hybride,420.70828413284136
PAR-1981,Electrique,418.46716017316015
PAR-2805,Diesel,419.76446979865773
PAR-2921,Diesel,419.6641475095785
PAR-2527,Diesel,419.7949
PAR-2356,Hybride,421.24006640106245
PAR-1911,Electrique,419.3142141623489
PAR-1487,Electrique,420.00151898734174
PAR-2159,Hybride,418.07784000000004
PAR-2578,Electrique,416.4998670212766
PAR-2153,Electrique,420.23992317541615
PAR-1441,Diesel,421.89889285714287
PAR-1611,Electrique,419.7129188255613
PAR-2710,Hybride,420.0196111111111
PAR-1432,Diesel,421.88445768772345
PAR-1298,Diesel,420.5825865580448
PAR-1464,Diesel,421.38309734513274
PAR-2447,Hybride,417.683041749503
PAR-1706,Electrique,418.82658031088084
PAR-1761,Electrique,422.2528547854786
PAR-1488,Diesel,419.3623266022827
PAR-1395,Electrique,421.5792307692308
PAR-1289,Electrique,422.87001362397825
PAR-1219,Electrique,418.6646551724138
PAR-2780,Electrique,419.29592896174864
PAR-1731,Diesel,419.3142141623489
PAR-2953,Electrique,420.342534562212
PAR-1503,Electrique,419.4801754385965
PAR-1493,Diesel,422.2528547854786
PAR-1652,Electrique,422.289266802444
PAR-2432,Diesel,420.4726322580645
PAR-2251,Diesel,418.24566563467494
PAR-2834,Diesel,419.98011396011395
PAR-2204,Diesel,419.37455950540965
PAR-1679,Electrique,417.683041749503
PAR-2113,Diesel,417.76723702664793
PAR-2064,Diesel,421.5647348484848
PAR-2662,Electrique,419.3623266022827
PAR-1461,Diesel,421.5792307692308
PAR-1913,Diesel,420.87712892741064
PAR-1873,Hybride,422.6904369747899
PAR-2280,Hybride,417.46698492462315
PAR-1814,Diesel,421.8039859437751
PAR-2435,Diesel,419.4946529562982
PAR-2443,Electrique,418.46716017316015
PAR-2129,Hybride,419.73376554174064
PAR-2258,Hybride,417.24557284299857
PAR-2802,Hybride,420.4726322580645
PAR-1406,Diesel,420.9110780669145
PAR-1114,Diesel,421.89889285714287
PAR-2806,Electrique,420.7834625788999
PAR-1889,Diesel,417.24557284299857
PAR-1514,Diesel,420.87712892741064
PAR-1606,Hybride,421.8039859437751
PAR-1217,Diesel,420.4533590733591
PAR-2540,Diesel,417.5430061349693
PAR-2528,Diesel,420.4816685714286
PAR-2200,Diesel,420.4816685714286
PAR-1650,Diesel,420.4726322580645
PAR-1823,Electrique,421.28230443974627
PAR-1040,Diesel,418.3830081300813
PAR-1004,Hybride,422.0762877871826
PAR-1572,Electrique,421.2416246851385
PAR-1502,Diesel,417.2149236641221
PAR-2810,Diesel,418.8558938547486
PAR-2728,Electrique,420.0196111111111
PAR-2058,Electrique,420.342534562212
PAR-2481,Electrique,419.5516009852217
PAR-1583,Electrique,420.592
PAR-1703,Hybride,420.8495340501792
PAR-1759,Diesel,419.53119940029984
PAR-2189,Electrique,420.4726322580645
PAR-2841,Electrique,419.1359170013387
PAR-1445,Diesel,419.73376554174064
PAR-1974,Electrique,419.3142141623489
PAR-2920,Diesel,418.7017780748663
PAR-2736,Diesel,420.592
PAR-2781,Diesel,418.73251491053674
PAR-1782,Diesel,422.7606472795497
PAR-2276,Diesel,418.58067599067596
PAR-2254,Diesel,418.82658031088084
PAR-1711,Hybride,418.85557034220534
PAR-1138,Electrique,418.43381250000004
PAR-1242,Diesel,420.4726322580645
PAR-1459,Hybride,421.108547595682
PAR-1637,Diesel,418.8558938547486
PAR-2070,Electrique,419.37455950540965
PAR-1796,Diesel,421.38309734513274
PAR-1941,Diesel,422.3310551948052
PAR-1483,Electrique,420.4729892141756
PAR-1798,Electrique,421.108547595682
PAR-1426,Hybride,421.3098773006135
PAR-2491,Diesel,421.28230443974627
PAR-1467,Electrique,420.28697547683925
PAR-2037,Diesel,422.3310551948052
PAR-2674,Electrique,418.43381250000004
PAR-3000,Electrique,417.46698492462315
PAR-2543,Electrique,420.23992317541615
PAR-1952,Electrique,420.61657060518735
PAR-1193,Diesel,420.87712892741064
PAR-2483,Electrique,420.342534562212
PAR-1562,Electrique,418.77904689863846
PAR-2768,Hybride,421.38309734513274
PAR-1973,Diesel,422.5241320754717
PAR-2766,Diesel,417.5430061349693
PAR-1842,Electrique,419.53119940029984
PAR-2813,Hybride,420.4816685714286
PAR-1580,Hybride,419.76446979865773
PAR-1204,Diesel,417.4554186602871
PAR-1044,Electrique,420.70828413284136
PAR-2274,Diesel,418.46716017316015
PAR-2667,Hybride,422.0762877871826
PAR-2701,Hybride,417.76723702664793
PAR-1900,Electrique,421.24006640106245
PAR-2247,Electrique,420.58143962848294
PAR-2599,Hybride,422.85672945205476
PAR-1232,Diesel,420.4729892141756
PAR-2059,Electrique,418.43381250000004
PAR-2197,Hybride,417.92863570391876
PAR-1321,Diesel,421.88445768772345
PAR-1424,Diesel,418.77904689863846
PAR-1248,Diesel,422.5241320754717
PAR-1992,Diesel,422.3310551948052
PAR-1077,Hybride,419.1359170013387
PAR-1434,Electrique,421.38309734513274
PAR-1458,Diesel,420.592
PAR-1180,Electrique,422.87001362397825
PAR-2473,Diesel,416.3486290322581
PAR-2485,Diesel,417.3239932885906
PAR-1645,Electrique,422.87001362397825
PAR-2444,Electrique,419.98011396011395
PAR-1776,Hybride,420.61657060518735
PAR-2480,Electrique,418.82658031088084
PAR-2571,Electrique,421.28230443974627
PAR-2687,Diesel,417.5430061349693
PAR-2996,Electrique,422.3310551948052
PAR-1176,Electrique,420.4729892141756
PAR-2942,Diesel,419.22746223564957
PAR-2306,Hybride,421.7245025510204
PAR-1402,Electrique,419.1359170013387
PAR-1865,Hybride,419.22746223564957
PAR-1064,Diesel,421.3098773006135
PAR-1345,Electrique,420.0196111111111
PAR-1870,Hybride,421.2416246851385
PAR-2610,Hybride,421.2416246851385
PAR-2031,Diesel,420.4729892141756
PAR-2868,Hybride,419.7949
PAR-2786,Electrique,422.2223006134969
PAR-2033,Diesel,421.06052631578945
PAR-1363,Electrique,420.7834625788999
PAR-1585,Hybride,417.4554186602871
PAR-2894,Hybride,420.61657060518735
PAR-2541,Diesel,419.6641475095785
PAR-1313,Electrique,418.8558938547486
PAR-2143,Hybride,416.3486290322581
PAR-2614,Electrique,422.7606472795497
PAR-1846,Electrique,417.683041749503
PAR-2185,Electrique,419.22746223564957
PAR-1407,Diesel,417.24557284299857
PAR-1564,Electrique,421.89889285714287
PAR-2892,Diesel,418.46716017316015
PAR-2067,Hybride,422.5241320754717
PAR-2855,Diesel,422.85672945205476
PAR-1597,Electrique,419.37455950540965
PAR-2369,Diesel,420.342534562212
PAR-2132,Electrique,419.19060957910017
PAR-1702,Electrique,419.3623266022827
PAR-1902,Diesel,420.34975609756094
PAR-1864,Electrique,420.342534562212
PAR-1220,Electrique,420.0648012718601
PAR-2012,Diesel,419.53119940029984
PAR-2337,Diesel,418.7017780748663
PAR-2791,Diesel,419.98011396011395
PAR-2350,Diesel,417.683041749503
PAR-1328,Diesel,420.87712892741064
PAR-2642,Electrique,418.3830081300813
PAR-2315,Electrique,418.46716017316015
PAR-1037,Electrique,420.4726322580645
PAR-2403,Diesel,420.4816685714286
PAR-1240,Hybride,420.5825865580448
PAR-1587,Diesel,420.9110780669145
PAR-2740,Electrique,419.29592896174864
PAR-2770,Diesel,422.87001362397825
PAR-2412,Diesel,422.2223006134969
PAR-2514,Hybride,420.4729892141756
PAR-1923,Hybride,420.61657060518735
PAR-1525,Electrique,419.6088987341773
PAR-2224,Diesel,420.00151898734174
PAR-2918,Diesel,418.58067599067596
PAR-2755,Diesel,422.0762877871826
PAR-1306,Diesel,419.1359170013387
PAR-2900,Diesel,417.5430061349693
PAR-2866,Electrique,419.7129188255613
PAR-1430,Diesel,419.22746223564957
PAR-1014,Diesel,421.06052631578945
PAR-1754,Electrique,419.6088987341773
PAR-1961,Hybride,416.4998670212766
PAR-2511,Electrique,421.108547595682
PAR-2266,Diesel,419.4946529562982
PAR-1584,Diesel,418.46716017316015
PAR-1935,Diesel,419.1359170013387
PAR-1632,Diesel,421.28230443974627
PAR-1728,Diesel,420.00151898734174
PAR-2062,Diesel,422.5241320754717
PAR-2934,Diesel,419.6641475095785
PAR-1228,Electrique,419.1359170013387
PAR-1763,Hybride,417.24557284299857
PAR-1140,Hybride,418.24566563467494
PAR-2301,Hybride,422.289266802444
PAR-1071,Electrique,419.4946529562982
PAR-1666,Diesel,421.108547595682
PAR-1725,Electrique,421.3833639947437
PAR-2322,Electrique,420.8495340501792
PAR-2335,Hybride,420.342534562212
PAR-2978,Hybride,421.06052631578945
PAR-2136,Diesel,420.0196111111111
PAR-1252,Hybride,422.3310551948052
PAR-1311,Hybride,418.3830081300813
PAR-2899,Diesel,419.73376554174064
PAR-2066,Electrique,418.6533944069431
PAR-2408,Hybride,417.4554186602871
PAR-2128,Electrique,417.92863570391876
PAR-1713,Diesel,422.2223006134969
PAR-2773,Hybride,421.24006640106245
PAR-1733,Diesel,421.06052631578945
PAR-2314,Diesel,420.0648012718601
PAR-2858,Diesel,421.3833639947437
PAR-1195,Diesel,421.82699233716477
PAR-1200,Electrique,419.7129188255613
PAR-2172,Diesel,420.70828413284136
PAR-2212,Diesel,421.8039859437751
PAR-2220,Diesel,419.98011396011395
PAR-2396,Diesel,420.9110780669145
PAR-2413,Diesel,417.683041749503
PAR-1535,Electrique,421.24006640106245
PAR-1696,Diesel,422.2528547854786
PAR-2497,Electrique,421.3833639947437
PAR-2932,Diesel,419.4801754385965
PAR-2631,Hybride,420.16370370370373
PAR-1131,Diesel,417.24557284299857
PAR-2897,Hybride,419.4801754385965
PAR-2082,Diesel,418.7017780748663
PAR-2819,Electrique,419.4946529562982
PAR-1885,Electrique,419.185974025974
PAR-2285,Electrique,420.70828413284136
PAR-2831,Diesel,420.4729892141756
PAR-2988,Electrique,420.87712892741064
PAR-1680,Diesel,419.4801754385965
PAR-1374,Diesel,417.92863570391876
PAR-2121,Diesel,419.185974025974
PAR-2880,Electrique,421.6367924528302
PAR-1278,Electrique,421.8039859437751
PAR-2796,Diesel,418.43381250000004
PAR-2645,Hybride,422.85672945205476
PAR-2393,Electrique,420.0196111111111
PAR-2310,Hybride,419.7949
PAR-1370,Diesel,418.7017780748663
PAR-1669,Diesel,418.8558938547486
PAR-2619,Diesel,417.5430061349693
PAR-2725,Electrique,420.16370370370373
PAR-2816,Electrique,422.85672945205476
PAR-2186,Diesel,420.58143962848294
PAR-2764,Hybride,418.7017780748663
PAR-2706,Diesel,418.6533944069431
PAR-2124,Diesel,420.70828413284136
PAR-2521,Electrique,421.5647348484848
PAR-1259,Diesel,422.6904369747899
PAR-2827,Electrique,419.6088987341773
PAR-2714,Electrique,420.0196111111111
PAR-2879,Hybride,419.6541951219512
PAR-2139,Diesel,418.77904689863846
PAR-2675,Diesel,418.3830081300813
PAR-1827,Diesel,419.3142141623489
PAR-2587,Electrique,418.6533944069431
PAR-2158,Diesel,422.85672945205476
PAR-2086,Diesel,420.4816685714286
PAR-1109,Diesel,420.4726322580645
PAR-2924,Hybride,418.8558938547486
PAR-1741,Hybride,419.7129188255613
PAR-2249,Diesel,419.3142141623489
PAR-2175,Diesel,418.85557034220534
PAR-2073,Electrique,419.7949
PAR-2268,Electrique,422.0762877871826
PAR-2112,Hybride,418.3830081300813
PAR-1817,Diesel,417.3239932885906
PAR-2732,Diesel,418.19016333938293
PAR-2476,Diesel,419.29592896174864
PAR-1008,Diesel,420.87712892741064
PAR-2452,Diesel,419.37455950540965
PAR-1677,Electrique,418.3830081300813
PAR-2297,Electrique,418.82658031088084
PAR-2387,Electrique,422.55811616954475
PAR-1933,Diesel,419.98011396011395
PAR-1958,Electrique,420.8495340501792
PAR-1080,Hybride,420.00151898734174
PAR-1726,Diesel,420.00151898734174
PAR-1732,Diesel,420.23992317541615
PAR-1061,Diesel,421.88445768772345
PAR-2871,Diesel,419.6641475095785
PAR-2029,Diesel,417.683041749503
PAR-1592,Diesel,419.22746223564957
PAR-2358,Electrique,418.73251491053674
PAR-1322,Diesel,421.3098773006135
PAR-2004,Hybride,420.61657060518735
PAR-2530,Hybride,420.58143962848294
PAR-1087,Diesel,420.9850205761317
PAR-1538,Diesel,419.76446979865773
PAR-1123,Diesel,417.3239932885906
PAR-2935,Diesel,419.5516009852217
PAR-1383,Electrique,420.7834625788999
PAR-1148,Electrique,420.00151898734174
PAR-1980,Diesel,417.9656983805668
PAR-1184,Diesel,422.55811616954475
PAR-2994,Diesel,420.0196111111111
PAR-1386,Hybride,420.4726322580645
PAR-1785,Electrique,419.29592896174864
PAR-1330,Diesel,418.46716017316015
PAR-1485,Hybride,421.3098773006135
PAR-2815,Diesel,418.19016333938293
PAR-2261,Diesel,418.07784000000004
PAR-1881,Diesel,416.3486290322581
PAR-1415,Diesel,419.4801754385965
PAR-1450,Diesel,420.9110780669145
PAR-1117,Hybride,419.53119940029984
PAR-2298,Diesel,418.7669630642955
PAR-2836,Hybride,418.82658031088084
PAR-1553,Hybride,420.8495340501792
PAR-1715,Electrique,416.4998670212766
PAR-1247,Electrique,422.2528547854786
PAR-1854,Hybride,418.85557034220534
PAR-1771,Diesel,419.98011396011395
PAR-1229,Diesel,419.22746223564957
PAR-2097,Electrique,422.55811616954475
PAR-1504,Electrique,421.88445768772345
PAR-2532,Electrique,418.7017780748663
PAR-1661,Diesel,421.5647348484848
PAR-2421,Diesel,421.38309734513274
PAR-1047,Hybride,420.00151898734174
PAR-2558,Electrique,417.46698492462315
PAR-1196,Hybride,420.20198300283283
PAR-1897,Diesel,418.73251491053674
PAR-2605,Diesel,419.73376554174064
PAR-2110,Diesel,421.5792307692308
PAR-1439,Diesel,420.16370370370373
PAR-1819,Electrique,421.89889285714287
PAR-2627,Diesel,418.7017780748663
PAR-1146,Diesel,419.76446979865773
PAR-2103,Diesel,421.1664498644987
PAR-1187,Diesel,420.4729892141756
PAR-2790,Diesel,420.9850205761317
PAR-1472,Diesel,421.06052631578945
PAR-1509,Electrique,418.8558938547486
PAR-1524,Diesel,419.98011396011395
PAR-2712,Hybride,421.5647348484848
PAR-1674,Diesel,417.2149236641221
PAR-1284,Electrique,417.5430061349693
PAR-2560,Diesel,420.00151898734174
PAR-2555,Electrique,418.58067599067596
PAR-2919,Diesel,420.0648012718601
PAR-2974,Diesel,417.76723702664793
PAR-2522,Diesel,418.07784000000004
PAR-2271,Electrique,417.76723702664793
PAR-1998,Diesel,417.46698492462315
PAR-2990,Electrique,422.5241320754717
PAR-2313,Diesel,421.38309734513274
PAR-1052,Diesel,418.3830081300813
PAR-2824,Hybride,422.0762877871826
PAR-1160,Diesel,417.5430061349693
PAR-1211,Diesel,417.76723702664793
PAR-1783,Diesel,417.92863570391876
PAR-1910,Electrique,421.38309734513274
PAR-2884,Electrique,422.289266802444
PAR-2164,Diesel,419.3623266022827
PAR-1714,Diesel,418.85557034220534
PAR-2345,Hybride,422.55811616954475
PAR-2683,Diesel,420.9850205761317
PAR-2629,Diesel,421.28230443974627
PAR-2890,Diesel,421.6367924528302
PAR-2887,Hybride,422.85672945205476
PAR-1045,Electrique,420.4816685714286
PAR-2017,Electrique,417.9656983805668
PAR-1385,Electrique,421.89889285714287
PAR-1768,Diesel,418.7669630642955
PAR-2080,Diesel,418.07784000000004
PAR-2698,Diesel,420.16370370370373
PAR-2643,Diesel,420.342534562212
PAR-2948,Electrique,421.1664498644987
PAR-2613,Diesel,417.2149236641221
PAR-1938,Hybride,419.4946529562982
PAR-1048,Diesel,421.82699233716477
PAR-1414,Electrique,420.0648012718601
PAR-1748,Diesel,419.29592896174864
PAR-1858,Diesel,419.6541951219512
PAR-2074,Electrique,422.0762877871826
PAR-2609,Diesel,417.9656983805668
PAR-2925,Diesel,419.3142141623489
PAR-2937,Diesel,422.2528547854786
PAR-2233,Diesel,421.38309734513274
PAR-2949,Hybride,420.16370370370373
PAR-2018,Hybride,418.85557034220534
PAR-2704,Diesel,419.73376554174064
PAR-2176,Electrique,422.6904369747899
PAR-2343,Hybride,421.3098773006135
PAR-2317,Electrique,422.55811616954475
PAR-1454,Diesel,420.58143962848294
PAR-1850,Diesel,419.4801754385965
PAR-2722,Diesel,418.7017780748663
PAR-1129,Diesel,420.23992317541615
PAR-2548,Diesel,420.5825865580448
PAR-1165,Diesel,419.185974025974
PAR-2515,Diesel,420.34975609756094
PAR-2229,Diesel,419.5516009852217
PAR-2349,Hybride,421.5647348484848
PAR-1799,Diesel,417.92863570391876
PAR-1800,Diesel,421.1664498644987
PAR-2036,Diesel,418.82658031088084
PAR-2087,Diesel,421.7245025510204
PAR-2099,Diesel,418.82658031088084
PAR-1644,Electrique,419.76446979865773
PAR-2914,Diesel,418.46716017316015
PAR-2426,Hybride,418.7669630642955
PAR-2947,Hybride,421.3833639947437
PAR-1343,Electrique,421.8039859437751
PAR-2616,Hybride,419.81199835526314
PAR-1457,Electrique,420.9110780669145
PAR-1022,Diesel,417.3239932885906
PAR-1300,Diesel,418.6646551724138
PAR-1291,Hybride,420.0196111111111
PAR-1518,Diesel,420.20198300283283
PAR-1501,Hybride,422.3310551948052
PAR-1267,Diesel,420.61657060518735
PAR-1971,Electrique,419.3142141623489
PAR-1777,Hybride,422.5241320754717
PAR-2798,Diesel,422.55811616954475
PAR-1136,Hybride,418.3830081300813
PAR-2272,Diesel,418.7017780748663
PAR-1310,Diesel,419.7129188255613
PAR-2961,Diesel,420.4816685714286
PAR-2542,Hybride,417.46698492462315
PAR-2003,Diesel,422.0762877871826
PAR-2641,Diesel,421.28230443974627
PAR-2503,Electrique,420.9110780669145
PAR-2501,Diesel,421.5792307692308
PAR-2898,Diesel,421.6367924528302
PAR-2720,Diesel,420.9850205761317
PAR-2417,Diesel,419.6641475095785
PAR-2244,Electrique,422.85672945205476
PAR-2585,Diesel,421.2416246851385
PAR-2875,Hybride,420.28697547683925
PAR-1368,Diesel,420.0648012718601
PAR-2751,Diesel,422.289266802444
PAR-1554,Hybride,417.5430061349693
PAR-1295,Diesel,421.1664498644987
PAR-1594,Diesel,418.24566563467494
PAR-2147,Electrique,419.7949
PAR-2024,Diesel,420.592
PAR-2588,Hybride,416.3486290322581
PAR-1600,Diesel,418.85557034220534
PAR-2499,Diesel,422.55811616954475
PAR-1481,Electrique,417.9656983805668
PAR-2748,Electrique,422.0762877871826
PAR-1308,Hybride,416.4998670212766
PAR-2395,Diesel,418.77904689863846
PAR-1452,Diesel,419.76446979865773
PAR-2047,Electrique,419.6641475095785
PAR-1003,Hybride,418.6533944069431
PAR-2208,Hybride,420.20198300283283
PAR-1795,Diesel,419.3142141623489
PAR-2569,Hybride,422.3310551948052
PAR-1989,Diesel,420.4816685714286
PAR-2190,Diesel,420.0196111111111
PAR-1315,Diesel,421.88445768772345
PAR-1621,Diesel,418.82658031088084
PAR-2726,Diesel,420.9110780669145
PAR-2524,Hybride,417.92863570391876
PAR-1170,Electrique,419.76446979865773
PAR-1664,Diesel,421.82699233716477
PAR-2006,Diesel,422.0762877871826
PAR-2283,Diesel,420.28697547683925
PAR-2963,Diesel,418.6646551724138
PAR-2281,Electrique,416.4998670212766
PAR-1297,Hybride,422.85672945205476
PAR-1489,Hybride,422.0762877871826
PAR-2028,Electrique,417.2149236641221
PAR-1442,Diesel,420.592
PAR-2592,Electrique,417.76723702664793
PAR-1655,Hybride,420.16370370370373
PAR-2013,Diesel,421.6367924528302
PAR-2952,Diesel,420.7834625788999
PAR-1102,Electrique,421.28230443974627
PAR-2745,Electrique,422.7606472795497
PAR-2032,Diesel,420.342534562212
PAR-2804,Hybride,420.61657060518735
PAR-1563,Hybride,422.55811616954475
PAR-2962,Hybride,419.6541951219512
PAR-1965,Electrique,422.2223006134969
PAR-2743,Hybride,421.1664498644987
PAR-2551,Electrique,420.9110780669145
PAR-2547,Hybride,421.5792307692308
PAR-2969,Hybride,419.6088987341773
PAR-1999,Electrique,418.3830081300813
PAR-2336,Diesel,421.1664498644987
PAR-1002,Hybride,421.38309734513274
PAR-1824,Diesel,422.289266802444
PAR-2005,Hybride,420.9850205761317
PAR-2187,Electrique,418.46716017316015
PAR-1924,Diesel,419.3623266022827
PAR-2307,Hybride,420.8495340501792
PAR-1495,Diesel,419.4946529562982
PAR-1050,Diesel,422.55811616954475
PAR-1791,Diesel,419.3142141623489
PAR-1849,Diesel,420.4533590733591
PAR-2107,Electrique,419.37455950540965
PAR-2809,Diesel,418.24566563467494
PAR-1505,Diesel,421.3833639947437
PAR-1558,Electrique,420.16370370370373
PAR-1362,Hybride,419.19060957910017
PAR-1880,Electrique,419.29592896174864
PAR-1056,Diesel,420.4726322580645
PAR-2234,Hybride,422.2528547854786
PAR-1268,Hybride,419.7949
PAR-1230,Electrique,421.7245025510204
PAR-1419,Hybride,419.6641475095785
PAR-1603,Diesel,417.5430061349693
PAR-2131,Hybride,422.55811616954475
PAR-2055,Diesel,420.20198300283283
PAR-2434,Diesel,419.6641475095785
PAR-2638,Diesel,419.73376554174064
PAR-2684,Diesel,420.16370370370373
PAR-2759,Diesel,420.0648012718601
PAR-2820,Hybride,421.3098773006135
PAR-1051,Diesel,421.06052631578945
PAR-1405,Diesel,418.19016333938293
PAR-1480,Diesel,421.5647348484848
PAR-2893,Diesel,419.3142141623489
PAR-2406,Diesel,419.22746223564957
PAR-2717,Diesel,418.7017780748663
PAR-1134,Electrique,417.9656983805668
PAR-1377,Hybride,419.6088987341773
PAR-1837,Diesel,421.7245025510204
PAR-1484,Diesel,418.46716017316015
PAR-2438,Diesel,419.19060957910017
PAR-2848,Diesel,418.3830081300813
PAR-2284,Electrique,419.3142141623489
PAR-2538,Electrique,418.46716017316015
PAR-2492,Diesel,419.37455950540965
PAR-2731,Diesel,418.77904689863846
