chauffeur_nom,avg_retard_minutes
Alex Bernard,6.741902834008097
Alex Blanc,6.653526970954357
Alex Blanc,6.804761904761905
Alex Blanc,6.448897795591182
Alex Blanc,6.978813559322034
Alex Blanc,6.59765625
Alex Bourgeois,6.709547738693467
Alex Bourgeois,7.002036659877801
Alex Bourgeois,6.965587044534413
Alex Bourgeois,6.668
Alex Chevalier,6.9411764705882355
Alex Chevalier,6.915478615071283
Alex Chevalier,7.004098360655738
Alex Chevalier,6.640081799591002
Alex Chevalier,6.518304431599229
Alex Dupont,6.851084812623274
Alex Dupont,6.450292397660819
Alex Dupont,6.2824267782426775
Alex Faure,6.993548387096774
Alex Faure,6.748125937031484
Alex Faure,6.957528957528957
Alex Faure,6.957528957528957
Alex Faure,7.16247582205029
Alex Faure,6.641199226305609
Alex Faure,6.967010309278351
Alex Fontaine,6.8053892215568865
Alex Fontaine,6.804040404040404
Alex Fontaine,6.582278481012659
Alex Fontaine,6.993548387096774
Alex Fontaine,7.252049180327869
Alex Fontaine,6.766834170854271
Alex Fontaine,7.47119341563786
Alex Fontaine,7.008602150537635
Alex Garnier,6.868162692847124
Alex Garnier,6.223360655737705
Alex Garnier,6.6605691056910565
Alex Garnier,6.595978062157221
Alex Garnier,6.584573748308525
Alex Garnier,6.783673469387755
Alex Giraud,6.862068965517241
Alex Giraud,6.311890838206628
Alex Giraud,6.27348643006263
Alex Giraud,6.975806451612903
Alex Laurent,6.60233918128655
Alex Laurent,6.783673469387755
Alex Lefevre,6.590361445783133
Alex Lefevre,6.44466800804829
Alex Marin,7.036734693877551
Alex Marin,6.246971736204576
Alex Marin,6.9958932238193015
Alex Mercier,6.367469879518072
Alex Mercier,6.650148662041626
Alex Moreau,6.980119284294235
Alex Moreau,7.3037475345167655
Alex Moreau,7.3037475345167655
Alex Moreau,6.590361445783133
Alex Moreau,6.861568247821878
Alex Moreau,6.640081799591002
Alex Moreau,6.20985401459854
Alex Moreau,6.831325301204819
Alex Perrin,6.59765625
Alex Perrin,6.488465396188566
Alex Perrin,6.68503937007874
Alex Perrin,6.20985401459854
Alex Perrin,6.7008032128514055
Alex Perrin,6.640081799591002
Alex Petit,6.470370370370371
Alex Petit,6.408536585365853
Alex Petit,6.450292397660819
Alex Petit,6.868534482758621
Alex Robin,6.60233918128655
Alex Robin,6.947261663286004
Alex Rousseau,6.9535353535353535
Alex Rousseau,6.294589178356714
Alex Rousseau,6.922290388548057
Alex Rousseau,6.587128712871287
Alex Rousseau,6.651779483600837
Alex Rousseau,6.736434108527132
Alex Rousseau,7.0772357723577235
Alex Rousseau,6.529531568228106
Alex Rousseau,6.687374749498998
Alex Vincent,6.414529914529915
Alex Vincent,6.570564516129032
Ariel Bernard,6.679462571976967
Ariel Bernard,6.992015968063872
Ariel Bernard,6.679462571976967
Ariel Bernard,6.130612244897959
Ariel Bourgeois,6.656015037593985
Ariel Bourgeois,7.002036659877801
Ariel Bourgeois,6.2824267782426775
Ariel Bourgeois,6.691601049868766
Ariel Bourgeois,7.017857142857143
Ariel Bourgeois,6.562118126272912
Ariel Chevalier,6.367469879518072
Ariel Dupont,7.002036659877801
Ariel Dupont,6.448897795591182
Ariel Dupont,6.861
Ariel Faure,6.679462571976967
Ariel Faure,6.311890838206628
Ariel Faure,6.60233918128655
Ariel Fontaine,6.6603960396039605
Ariel Fontaine,6.6492829204693615
Ariel Fontaine,7.036734693877551
Ariel Fontaine,6.311890838206628
Ariel Fontaine,6.735632183908046
Ariel Garnier,6.693251533742331
Ariel Garnier,6.711538461538462
Ariel Garnier,7.117708333333334
Ariel Garnier,6.6819126819126815
Ariel Garnier,6.475198412698413
Ariel Giraud,6.859213250517598
Ariel Giraud,6.783673469387755
Ariel Giraud,6.628019323671498
Ariel Laurent,6.462301587301587
Ariel Laurent,7.16247582205029
Ariel Laurent,6.367469879518072
Ariel Laurent,6.717267552182163
Ariel Laurent,6.781931464174455
Ariel Laurent,6.696761530912659
Ariel Laurent,6.735632183908046
Ariel Laurent,6.314176245210728
Ariel Laurent,6.698924731182796
Ariel Laurent,6.123015873015873
Ariel Lefevre,7.008602150537635
Ariel Lefevre,6.947261663286004
Ariel Lefevre,6.367469879518072
Ariel Lefevre,6.44466800804829
Ariel Marin,6.474206349206349
Ariel Marin,6.710808179162609
Ariel Marin,7.0772357723577235
Ariel Marin,6.257692307692308
Ariel Mercier,6.687374749498998
Ariel Mercier,6.8412852969815
Ariel Mercier,6.9809322033898304
Ariel Mercier,6.424148606811145
Ariel Mercier,6.787593984962406
Ariel Moreau,6.2824267782426775
Ariel Moreau,6.679462571976967
Ariel Moreau,6.693251533742331
Ariel Moreau,6.957528957528957
Ariel Perrin,6.383268482490273
Ariel Perrin,6.839622641509434
Ariel Perrin,6.875490196078432
Ariel Perrin,6.721212121212122
Ariel Perrin,6.470370370370371
Ariel Perrin,6.947261663286004
Ariel Petit,7.0230460921843685
Ariel Petit,7.0772357723577235
Ariel Petit,6.7008032128514055
Ariel Petit,6.414529914529915
Ariel Petit,7.16247582205029
Ariel Petit,6.922606924643585
Ariel Petit,6.947261663286004
Ariel Robin,7.557312252964427
Ariel Robin,6.5181644359464626
Ariel Robin,6.695192307692308
Ariel Rousseau,6.492509363295881
Ariel Rousseau,6.726114649681529
Ariel Rousseau,6.654614652711703
Ariel Rousseau,7.47119341563786
Ariel Rousseau,6.562118126272912
Ariel Rousseau,6.807302231237323
Ariel Rousseau,7.214437367303609
Ariel Rousseau,6.711538461538462
Ariel Rousseau,6.411187438665358
Ariel Rousseau,6.965587044534413
Ariel Rousseau,7.047464940668824
Ariel Rousseau,6.640081799591002
Ariel Vincent,6.922606924643585
Cameron Bernard,6.348884381338743
Cameron Bernard,6.432264736297828
Cameron Bernard,5.98828125
Cameron Bernard,6.311890838206628
Cameron Bernard,6.629343629343629
Cameron Bernard,6.626732673267327
Cameron Bernard,6.408536585365853
Cameron Bernard,6.534798534798535
Cameron Bernard,6.990215264187867
Cameron Blanc,6.864809081527348
Cameron Blanc,6.482794577685088
Cameron Blanc,6.709020368574199
Cameron Blanc,6.717267552182163
Cameron Bourgeois,7.126024590163935
Cameron Chevalier,7.163672654690619
Cameron Chevalier,6.484546360917248
Cameron Chevalier,6.470370370370371
Cameron Chevalier,6.726114649681529
Cameron Chevalier,6.367469879518072
Cameron Chevalier,6.715254237288136
Cameron Dupont,6.726114649681529
Cameron Dupont,6.448897795591182
Cameron Dupont,6.9960079840319365
Cameron Dupont,6.921761998685076
Cameron Dupont,6.27348643006263
Cameron Dupont,6.6007827788649704
Cameron Dupont,7.004098360655738
Cameron Dupont,7.163672654690619
Cameron Faure,6.444664031620554
Cameron Faure,6.618951612903226
Cameron Faure,6.7008032128514055
Cameron Faure,6.444664031620554
Cameron Faure,6.748414376321353
Cameron Faure,6.965587044534413
Cameron Fontaine,6.458706467661692
Cameron Fontaine,6.645582329317269
Cameron Garnier,6.698924731182796
Cameron Garnier,6.802693602693603
Cameron Garnier,6.859213250517598
Cameron Garnier,6.787593984962406
Cameron Garnier,6.621675531914893
Cameron Giraud,6.492509363295881
Cameron Giraud,6.771058315334773
Cameron Laurent,6.562118126272912
Cameron Laurent,6.922290388548057
Cameron Laurent,6.862068965517241
Cameron Laurent,6.771058315334773
Cameron Lefevre,7.036734693877551
Cameron Lefevre,7.118681318681318
Cameron Lefevre,6.783673469387755
Cameron Marin,6.439549180327869
Cameron Marin,6.462301587301587
Cameron Marin,6.993743482794578
Cameron Mercier,6.990215264187867
Cameron Mercier,6.698924731182796
Cameron Moreau,6.787593984962406
Cameron Moreau,6.534798534798535
Cameron Moreau,6.693251533742331
Cameron Moreau,6.990215264187867
Cameron Moreau,6.936781609195402
Cameron Moreau,6.993548387096774
Cameron Moreau,6.92578125
Cameron Perrin,6.980119284294235
Cameron Petit,6.446787148594377
Cameron Petit,6.936781609195402
Cameron Petit,6.816481294236603
Cameron Petit,7.47119341563786
Cameron Petit,6.6387002909796315
Cameron Petit,6.745600804424334
Cameron Robin,6.29296875
Cameron Robin,7.002036659877801
Cameron Robin,6.60233918128655
Cameron Robin,6.738031914893617
Cameron Rousseau,6.450757575757576
Cameron Rousseau,6.933683519369665
Cameron Rousseau,6.2824267782426775
Cameron Rousseau,6.9958932238193015
Cameron Rousseau,6.5836109260493005
Cameron Rousseau,7.16247582205029
Cameron Rousseau,6.429435483870968
Cameron Rousseau,6.9958932238193015
Cameron Rousseau,6.965587044534413
Cameron Rousseau,6.541338582677166
Cameron Vincent,7.16247582205029
Cameron Vincent,6.612689393939394
Cameron Vincent,6.7008032128514055
Casey Bernard,6.590361445783133
Casey Bernard,6.594142259414226
Casey Bernard,6.947261663286004
Casey Bernard,6.373517786561265
Casey Bernard,6.470370370370371
Casey Blanc,6.541338582677166
Casey Blanc,7.008602150537635
Casey Blanc,6.534798534798535
Casey Bourgeois,6.736434108527132
Casey Bourgeois,7.1400778210116735
Casey Bourgeois,6.978813559322034
Casey Bourgeois,6.967010309278351
Casey Bourgeois,6.353405725567621
Casey Bourgeois,6.354961832061068
Casey Bourgeois,6.764418377321603
Casey Chevalier,6.294589178356714
Casey Chevalier,6.553379040156709
Casey Chevalier,6.8446700507614215
Casey Dupont,6.859213250517598
Casey Faure,6.594142259414226
Casey Faure,6.730348258706468
Casey Faure,6.443790849673203
Casey Fontaine,6.831325301204819
Casey Fontaine,7.004098360655738
Casey Fontaine,6.490856592877767
Casey Garnier,6.922290388548057
Casey Garnier,7.16247582205029
Casey Garnier,6.726114649681529
Casey Garnier,7.092814371257485
Casey Giraud,6.947261663286004
Casey Giraud,6.717267552182163
Casey Giraud,6.4760994263862335
Casey Giraud,6.698924731182796
Casey Giraud,7.3037475345167655
Casey Laurent,6.726114649681529
Casey Laurent,6.245579567779961
Casey Lefevre,7.16247582205029
Casey Lefevre,6.595978062157221
Casey Lefevre,6.991897366644159
Casey Lefevre,6.330798479087452
Casey Marin,6.590361445783133
Casey Marin,6.342281879194631
Casey Marin,7.47119341563786
Casey Marin,6.554869684499314
Casey Mercier,6.245579567779961
Casey Mercier,6.922290388548057
Casey Mercier,6.408536585365853
Casey Moreau,6.311890838206628
Casey Perrin,6.4760994263862335
Casey Perrin,6.294589178356714
Casey Petit,6.311890838206628
Casey Petit,6.932307692307693
Casey Petit,7.214437367303609
Casey Petit,6.5181644359464626
Casey Petit,6.123015873015873
Casey Robin,6.60233918128655
Casey Robin,6.947261663286004
Casey Rousseau,6.245579567779961
Casey Rousseau,6.752720079129575
Casey Rousseau,6.687061183550652
Casey Rousseau,6.969543147208122
Casey Rousseau,6.862068965517241
Casey Rousseau,6.1689059500959695
Casey Rousseau,6.975806451612903
Casey Rousseau,6.736434108527132
Casey Vincent,6.636247606892151
Casey Vincent,6.698924731182796
Chris Bernard,7.01875
Chris Bernard,7.039054470709147
Chris Bernard,7.004098360655738
Chris Bernard,6.967010309278351
Chris Bernard,6.66247582205029
Chris Bernard,6.2437137330754355
Chris Bernard,6.783673469387755
Chris Blanc,6.735632183908046
Chris Blanc,6.978813559322034
Chris Bourgeois,6.838461538461538
Chris Bourgeois,6.562118126272912
Chris Bourgeois,7.0772357723577235
Chris Bourgeois,6.730846774193548
Chris Bourgeois,6.992985971943888
Chris Bourgeois,6.534798534798535
Chris Bourgeois,6.92578125
Chris Bourgeois,6.667315175097277
Chris Chevalier,6.478915662650603
Chris Chevalier,6.570564516129032
Chris Dupont,7.16247582205029
Chris Dupont,7.47119341563786
Chris Faure,7.05511811023622
Chris Faure,6.2824267782426775
Chris Fontaine,6.831325301204819
Chris Fontaine,7.252049180327869
Chris Garnier,6.307992202729045
Chris Garnier,7.004098360655738
Chris Garnier,6.223360655737705
Chris Garnier,6.551519154557464
Chris Garnier,6.610294117647059
Chris Garnier,6.576666666666667
Chris Garnier,6.784332688588008
Chris Garnier,6.638255698711595
Chris Garnier,6.26984126984127
Chris Garnier,6.123015873015873
Chris Garnier,6.42409402546523
Chris Giraud,6.702675916749257
Chris Giraud,7.017857142857143
Chris Giraud,7.214437367303609
Chris Laurent,6.433333333333334
Chris Laurent,6.753951890034364
Chris Lefevre,6.859213250517598
Chris Lefevre,6.541795665634675
Chris Lefevre,6.963165075034106
Chris Lefevre,6.905503634475597
Chris Marin,6.715202052597819
Chris Marin,6.975806451612903
Chris Marin,6.758349705304519
Chris Marin,7.16247582205029
Chris Mercier,6.81630648330059
Chris Mercier,6.367469879518072
Chris Moreau,6.693251533742331
Chris Perrin,6.771058315334773
Chris Perrin,6.257692307692308
Chris Perrin,6.711538461538462
Chris Perrin,6.852307692307693
Chris Petit,6.656015037593985
Chris Petit,6.488888888888889
Chris Petit,6.59916054564533
Chris Petit,6.922290388548057
Chris Petit,6.787593984962406
Chris Petit,6.429435483870968
Chris Petit,6.348884381338743
Chris Robin,7.233299075025694
Chris Robin,6.448897795591182
Chris Robin,6.27348643006263
Chris Rousseau,6.711538461538462
Chris Rousseau,7.017857142857143
Chris Rousseau,6.3373860182370825
Chris Rousseau,6.893467336683417
Chris Rousseau,7.128
Chris Rousseau,7.007905138339921
Chris Rousseau,6.938733125649014
Chris Rousseau,6.557943925233645
Chris Rousseau,7.214437367303609
Chris Rousseau,6.576470588235294
Chris Rousseau,6.595978062157221
Chris Rousseau,6.63627546071775
Chris Vincent,7.163672654690619
Chris Vincent,6.735632183908046
Chris Vincent,6.44466800804829
Chris Vincent,6.862003780718337
Drew Bernard,7.47119341563786
Drew Bernard,7.283851554663992
Drew Bernard,6.975806451612903
Drew Blanc,6.2691924227318045
Drew Bourgeois,6.967010309278351
Drew Bourgeois,6.526760563380281
Drew Bourgeois,7.002036659877801
Drew Chevalier,6.570564516129032
Drew Dupont,6.862068965517241
Drew Faure,6.534798534798535
Drew Faure,7.3037475345167655
Drew Faure,6.730769230769231
Drew Faure,7.214437367303609
Drew Faure,6.367469879518072
Drew Fontaine,6.5181644359464626
Drew Fontaine,6.82851445663011
Drew Fontaine,6.464333781965006
Drew Fontaine,6.748414376321353
Drew Fontaine,6.90519877675841
Drew Fontaine,6.640081799591002
Drew Fontaine,6.789526686807654
Drew Garnier,6.462301587301587
Drew Garnier,6.393302692055154
Drew Giraud,6.341661039837947
Drew Giraud,6.1689059500959695
Drew Giraud,6.975806451612903
Drew Giraud,6.462301587301587
Drew Laurent,6.730006397952655
Drew Laurent,6.831325301204819
Drew Laurent,6.693251533742331
Drew Laurent,6.656393442622951
Drew Lefevre,6.540596094552929
Drew Lefevre,6.7156580211335255
Drew Lefevre,6.640081799591002
Drew Marin,6.408536585365853
Drew Marin,6.311890838206628
Drew Marin,6.27348643006263
Drew Marin,6.773399014778325
Drew Mercier,6.492509363295881
Drew Mercier,6.534798534798535
Drew Mercier,6.978813559322034
Drew Moreau,6.257692307692308
Drew Moreau,6.4760994263862335
Drew Moreau,6.307992202729045
Drew Perrin,6.6605691056910565
Drew Perrin,6.367469879518072
Drew Perrin,6.936781609195402
Drew Perrin,6.2437137330754355
Drew Perrin,6.60233918128655
Drew Perrin,6.492509363295881
Drew Perrin,6.957528957528957
Drew Petit,7.133333333333334
Drew Petit,7.109018830525272
Drew Petit,7.002036659877801
Drew Petit,7.301204819277109
Drew Petit,6.1689059500959695
Drew Petit,6.939362795477903
Drew Petit,6.44466800804829
Drew Petit,6.245579567779961
Drew Petit,6.868534482758621
Drew Robin,7.008602150537635
Drew Robin,5.98828125
Drew Robin,6.914400805639477
Drew Robin,6.859213250517598
Drew Rousseau,6.878265155248891
Drew Rousseau,6.6219630709426625
Drew Rousseau,6.576470588235294
Drew Rousseau,6.311890838206628
Drew Rousseau,6.348884381338743
Drew Rousseau,6.311890838206628
Drew Rousseau,7.05327868852459
Drew Rousseau,6.44466800804829
Drew Vincent,6.562118126272912
Drew Vincent,7.0207715133531154
Drew Vincent,6.123015873015873
Drew Vincent,6.414529914529915
Drew Vincent,7.007905138339921
Drew Vincent,6.687374749498998
Drew Vincent,6.92578125
Jamie Bernard,6.772413793103448
Jamie Bernard,6.798201798201799
Jamie Bernard,6.980119284294235
Jamie Blanc,6.646997929606625
Jamie Blanc,6.726114649681529
Jamie Blanc,6.9958932238193015
Jamie Bourgeois,6.884272997032641
Jamie Bourgeois,6.831325301204819
Jamie Chevalier,7.133333333333334
Jamie Chevalier,6.807302231237323
Jamie Chevalier,6.311890838206628
Jamie Dupont,6.450292397660819
Jamie Dupont,6.7006578947368425
Jamie Dupont,6.872469635627531
Jamie Dupont,6.92578125
Jamie Dupont,6.6819126819126815
Jamie Dupont,6.711538461538462
Jamie Dupont,6.5546719681908545
Jamie Faure,6.763819095477387
Jamie Faure,6.922290388548057
Jamie Fontaine,6.414529914529915
Jamie Fontaine,6.541338582677166
Jamie Fontaine,6.501972386587771
Jamie Fontaine,6.66147859922179
Jamie Garnier,6.6021717670286275
Jamie Garnier,7.05511811023622
Jamie Garnier,6.606862745098039
Jamie Garnier,6.576470588235294
Jamie Garnier,6.980119284294235
Jamie Giraud,6.27348643006263
Jamie Giraud,6.123015873015873
Jamie Laurent,6.717267552182163
Jamie Laurent,6.518304431599229
Jamie Lefevre,6.830111902339776
Jamie Lefevre,7.007905138339921
Jamie Lefevre,6.5
Jamie Lefevre,6.965587044534413
Jamie Marin,6.830111902339776
Jamie Marin,6.458677685950414
Jamie Marin,6.4070247933884295
Jamie Marin,6.7271853986551395
Jamie Marin,6.485537190082645
Jamie Mercier,6.922606924643585
Jamie Moreau,6.465048543689321
Jamie Moreau,6.975806451612903
Jamie Moreau,6.868534482758621
Jamie Petit,6.748414376321353
Jamie Petit,6.562118126272912
Jamie Petit,7.272369714847591
Jamie Petit,6.945378151260504
Jamie Robin,6.6605691056910565
Jamie Robin,6.693251533742331
Jamie Robin,6.70622009569378
Jamie Robin,6.4070247933884295
Jamie Robin,6.735632183908046
Jamie Rousseau,7.16247582205029
Jamie Rousseau,6.849896480331263
Jamie Rousseau,6.307992202729045
Jamie Rousseau,6.595978062157221
Jamie Rousseau,6.877593360995851
Jamie Rousseau,6.414529914529915
Jamie Rousseau,6.6605691056910565
Jamie Rousseau,6.977977977977978
Jamie Rousseau,6.462301587301587
Jamie Rousseau,6.6819126819126815
Jamie Rousseau,6.470370370370371
Jamie Rousseau,6.769456681350954
Jamie Vincent,6.245579567779961
Jamie Vincent,6.60233918128655
Jamie Vincent,6.541338582677166
Jamie Vincent,6.27348643006263
Jamie Vincent,6.541338582677166
Jamie Vincent,6.5181644359464626
Jordan Bernard,6.783673469387755
Jordan Blanc,6.511007338225483
Jordan Blanc,6.462301587301587
Jordan Bourgeois,6.925149700598802
Jordan Bourgeois,6.6895522388059705
Jordan Bourgeois,6.922290388548057
Jordan Bourgeois,6.562118126272912
Jordan Bourgeois,6.9072375127421
Jordan Bourgeois,6.7075848303393215
Jordan Bourgeois,6.957528957528957
Jordan Bourgeois,6.638164754953076
Jordan Dupont,6.740625
Jordan Dupont,7.252049180327869
Jordan Dupont,6.245579567779961
Jordan Dupont,7.47119341563786
Jordan Fontaine,6.576470588235294
Jordan Fontaine,6.726114649681529
Jordan Fontaine,6.932489451476793
Jordan Fontaine,6.462301587301587
Jordan Fontaine,6.866935483870968
Jordan Fontaine,6.679462571976967
Jordan Fontaine,6.450292397660819
Jordan Fontaine,6.570564516129032
Jordan Garnier,6.693251533742331
Jordan Garnier,6.736434108527132
Jordan Garnier,6.679462571976967
Jordan Garnier,6.815761448349308
Jordan Giraud,6.9223901098901095
Jordan Laurent,6.980119284294235
Jordan Laurent,6.618627450980392
Jordan Laurent,6.947261663286004
Jordan Laurent,6.711538461538462
Jordan Laurent,6.6605691056910565
Jordan Laurent,7.557312252964427
Jordan Lefevre,7.014084507042254
Jordan Marin,6.922290388548057
Jordan Marin,7.038988408851423
Jordan Marin,6.448897795591182
Jordan Mercier,6.771058315334773
Jordan Mercier,6.56386292834891
Jordan Mercier,6.448897795591182
Jordan Moreau,6.562118126272912
Jordan Moreau,7.163672654690619
Jordan Moreau,7.007905138339921
Jordan Petit,7.220871327254306
Jordan Petit,7.03725881570193
Jordan Petit,6.489822718319107
Jordan Petit,7.004098360655738
Jordan Petit,6.652849740932642
Jordan Petit,6.606862745098039
Jordan Petit,6.562118126272912
Jordan Petit,6.713997985901309
Jordan Petit,6.4070247933884295
Jordan Petit,6.990215264187867
Jordan Petit,6.534798534798535
Jordan Robin,6.2824267782426775
Jordan Robin,6.444664031620554
Jordan Rousseau,7.007905138339921
Jordan Rousseau,6.450292397660819
Jordan Rousseau,6.967010309278351
Jordan Rousseau,6.862068965517241
Jordan Rousseau,6.562118126272912
Jordan Rousseau,6.899143672692674
Jordan Rousseau,6.735632183908046
Jordan Vincent,6.801242236024844
Jordan Vincent,6.414529914529915
Jordan Vincent,6.862706913339824
Luca Bernard,6.80811078140455
Luca Bernard,6.594142259414226
Luca Blanc,6.488888888888889
Luca Blanc,6.613095238095238
Luca Blanc,6.872469635627531
Luca Blanc,6.444664031620554
Luca Blanc,6.712121212121212
Luca Blanc,6.541338582677166
Luca Blanc,6.631368631368631
Luca Blanc,6.470370370370371
Luca Bourgeois,6.63627546071775
Luca Bourgeois,6.780185758513932
Luca Bourgeois,6.810920121334681
Luca Bourgeois,6.656551724137931
Luca Chevalier,6.6580259222333
Luca Chevalier,7.002036659877801
Luca Chevalier,6.1689059500959695
Luca Dupont,6.862003780718337
Luca Dupont,6.975806451612903
Luca Fontaine,6.922290388548057
Luca Fontaine,6.27348643006263
Luca Fontaine,6.370514064015519
Luca Fontaine,6.60233918128655
Luca Garnier,6.311890838206628
Luca Garnier,6.936781609195402
Luca Giraud,6.641410842586545
Luca Giraud,6.294589178356714
Luca Giraud,6.687374749498998
Luca Giraud,6.953299492385787
Luca Giraud,6.27348643006263
Luca Giraud,6.657198824681685
Luca Laurent,6.4070247933884295
Luca Laurent,6.990215264187867
Luca Laurent,6.656015037593985
Luca Lefevre,6.5181644359464626
Luca Lefevre,6.562118126272912
Luca Marin,7.47119341563786
Luca Marin,6.519211822660099
Luca Mercier,6.522574447646494
Luca Mercier,7.039054470709147
Luca Mercier,6.245579567779961
Luca Mercier,6.6819126819126815
Luca Mercier,6.679462571976967
Luca Moreau,6.978813559322034
Luca Moreau,6.488888888888889
Luca Moreau,6.727181544633901
Luca Moreau,6.792528352234823
Luca Perrin,6.9958932238193015
Luca Perrin,7.0772357723577235
Luca Perrin,6.991080277502478
Luca Perrin,7.47119341563786
Luca Petit,7.002036659877801
Luca Petit,7.017857142857143
Luca Petit,6.1689059500959695
Luca Petit,6.20985401459854
Luca Petit,6.7008032128514055
Luca Robin,7.0772357723577235
Luca Robin,6.993548387096774
Luca Robin,6.27348643006263
Luca Rousseau,6.443548387096774
Luca Rousseau,6.5560081466395115
Luca Rousseau,6.4760994263862335
Luca Rousseau,6.223360655737705
Luca Rousseau,6.70397842211733
Luca Rousseau,6.470370370370371
Luca Rousseau,6.20985401459854
Luca Vincent,7.557312252964427
Luca Vincent,6.408536585365853
Maya Bernard,6.593287265547878
Maya Bernard,6.922606924643585
Maya Bernard,6.59765625
Maya Blanc,6.859213250517598
Maya Blanc,6.488888888888889
Maya Bourgeois,7.002036659877801
Maya Bourgeois,7.007905138339921
Maya Bourgeois,6.735632183908046
Maya Bourgeois,6.628256513026052
Maya Bourgeois,6.294589178356714
Maya Bourgeois,6.679462571976967
Maya Bourgeois,6.58469387755102
Maya Bourgeois,7.004098360655738
Maya Bourgeois,6.646245059288537
Maya Chevalier,6.698924731182796
Maya Chevalier,6.92578125
Maya Chevalier,6.294589178356714
Maya Dupont,7.05511811023622
Maya Dupont,6.44466800804829
Maya Faure,7.007905138339921
Maya Faure,6.693251533742331
Maya Faure,6.448897795591182
Maya Faure,6.456243854473943
Maya Fontaine,6.831325301204819
Maya Fontaine,7.0772357723577235
Maya Fontaine,6.590361445783133
Maya Fontaine,6.6166495375128465
Maya Garnier,6.8318401102687805
Maya Garnier,6.367469879518072
Maya Garnier,6.429435483870968
Maya Garnier,6.358224016145308
Maya Garnier,6.59765625
Maya Garnier,6.676245210727969
Maya Garnier,6.2824267782426775
Maya Garnier,6.429435483870968
Maya Giraud,6.804034582132565
Maya Giraud,6.294589178356714
Maya Giraud,6.353750860289058
Maya Giraud,6.659206510681587
Maya Laurent,6.534798534798535
Maya Laurent,6.130612244897959
Maya Laurent,6.822361546499478
Maya Lefevre,6.20985401459854
Maya Lefevre,6.965587044534413
Maya Lefevre,6.679462571976967
Maya Lefevre,6.975806451612903
Maya Lefevre,6.965587044534413
Maya Marin,6.324873096446701
Maya Marin,6.4760994263862335
Maya Marin,6.444664031620554
Maya Mercier,6.348884381338743
Maya Mercier,6.2824267782426775
Maya Mercier,7.16247582205029
Maya Moreau,6.787593984962406
Maya Moreau,6.560951437066402
Maya Moreau,7.017857142857143
Maya Moreau,7.05511811023622
Maya Petit,6.450757575757576
Maya Petit,6.265265265265265
Maya Petit,6.223360655737705
Maya Petit,6.448897795591182
Maya Petit,7.214437367303609
Maya Petit,6.957528957528957
Maya Robin,6.223360655737705
Maya Robin,6.693251533742331
Maya Robin,5.98828125
Maya Robin,6.20985401459854
Maya Rousseau,6.936781609195402
Maya Rousseau,6.993548387096774
Maya Rousseau,6.462301587301587
Maya Rousseau,6.450757575757576
Maya Rousseau,6.868534482758621
Maya Rousseau,6.60233918128655
Maya Rousseau,6.6605691056910565
Maya Rousseau,7.036734693877551
Maya Rousseau,6.783673469387755
Maya Rousseau,6.523955147808358
Maya Vincent,6.448897795591182
Maya Vincent,6.6605691056910565
Morgan Bernard,6.859213250517598
Morgan Bernard,6.993548387096774
Morgan Blanc,7.05511811023622
Morgan Blanc,7.017857142857143
Morgan Bourgeois,6.576470588235294
Morgan Bourgeois,6.9958932238193015
Morgan Bourgeois,6.890318212593094
Morgan Bourgeois,6.80276134122288
Morgan Bourgeois,6.910386965376782
Morgan Chevalier,6.628516003879729
Morgan Chevalier,6.645033112582781
Morgan Chevalier,6.617
Morgan Dupont,6.957528957528957
Morgan Dupont,6.590361445783133
Morgan Dupont,6.594142259414226
Morgan Dupont,6.367469879518072
Morgan Dupont,7.0772357723577235
Morgan Dupont,6.889683350357507
Morgan Faure,6.97577519379845
Morgan Faure,7.214437367303609
Morgan Faure,6.640081799591002
Morgan Faure,6.922606924643585
Morgan Faure,6.990215264187867
Morgan Faure,6.130612244897959
Morgan Fontaine,7.004098360655738
Morgan Fontaine,6.27348643006263
Morgan Fontaine,6.60233918128655
Morgan Fontaine,6.488888888888889
Morgan Garnier,6.806889352818372
Morgan Giraud,6.58502024291498
Morgan Giraud,6.735632183908046
Morgan Giraud,6.554445554445555
Morgan Laurent,6.852652259332023
Morgan Laurent,7.05511811023622
Morgan Laurent,6.492509363295881
Morgan Laurent,6.534798534798535
Morgan Lefevre,6.462301587301587
Morgan Lefevre,6.590361445783133
Morgan Marin,6.387814313346229
Morgan Marin,6.4070247933884295
Morgan Mercier,6.505736137667304
Morgan Mercier,6.4760994263862335
Morgan Mercier,7.214437367303609
Morgan Moreau,6.812375249500998
Morgan Moreau,6.529531568228106
Morgan Moreau,6.307992202729045
Morgan Moreau,6.862003780718337
Morgan Perrin,6.621765096217651
Morgan Perrin,6.414529914529915
Morgan Perrin,6.755081300813008
Morgan Perrin,7.3037475345167655
Morgan Petit,6.529531568228106
Morgan Robin,6.609661835748792
Morgan Rousseau,6.3419155509783725
Morgan Rousseau,6.130612244897959
Morgan Rousseau,6.990215264187867
Morgan Rousseau,6.807653575025176
Morgan Rousseau,6.60233918128655
Morgan Rousseau,6.7008032128514055
Morgan Rousseau,6.462301587301587
Morgan Rousseau,5.98828125
Morgan Vincent,6.656015037593985
Noa Bernard,6.27348643006263
Noa Bernard,6.367469879518072
Noa Bernard,6.736434108527132
Noa Bernard,7.16247582205029
Noa Blanc,6.806473364801079
Noa Blanc,6.717267552182163
Noa Bourgeois,6.640081799591002
Noa Bourgeois,6.594142259414226
Noa Bourgeois,6.947261663286004
Noa Bourgeois,6.561317449194114
Noa Chevalier,6.627053140096618
Noa Chevalier,6.862068965517241
Noa Chevalier,6.60233918128655
Noa Chevalier,7.017857142857143
Noa Dupont,6.868534482758621
Noa Faure,6.562118126272912
Noa Faure,6.940217391304348
Noa Faure,7.017857142857143
Noa Faure,6.414529914529915
Noa Faure,6.640081799591002
Noa Fontaine,7.557312252964427
Noa Garnier,6.562118126272912
Noa Garnier,6.656015037593985
Noa Giraud,6.348884381338743
Noa Giraud,6.968410661401777
Noa Laurent,6.2824267782426775
Noa Laurent,5.98828125
Noa Laurent,6.464285714285714
Noa Laurent,6.584215591915303
Noa Laurent,6.753799392097265
Noa Laurent,7.133333333333334
Noa Laurent,6.60233918128655
Noa Lefevre,6.967010309278351
Noa Lefevre,6.986604152712659
Noa Lefevre,6.6605691056910565
Noa Lefevre,7.036734693877551
Noa Lefevre,6.245579567779961
Noa Marin,7.01875
Noa Marin,6.771369721936148
Noa Mercier,6.44466800804829
Noa Mercier,6.679462571976967
Noa Moreau,6.947261663286004
Noa Moreau,7.05511811023622
Noa Moreau,6.4404296875
Noa Perrin,6.755182625863771
Noa Perrin,7.3037475345167655
Noa Perrin,6.679462571976967
Noa Perrin,6.44955044955045
Noa Perrin,6.444664031620554
Noa Perrin,7.0772357723577235
Noa Perrin,6.859213250517598
Noa Petit,7.133333333333334
Noa Robin,7.3037475345167655
Noa Robin,7.118681318681318
Noa Rousseau,6.5602409638554215
Noa Rousseau,6.807302231237323
Noa Rousseau,7.01875
Noa Rousseau,6.6819126819126815
Noa Rousseau,6.44466800804829
Noa Rousseau,6.2437137330754355
Noa Vincent,6.123015873015873
Noa Vincent,6.223360655737705
Noa Vincent,6.704590818363274
Noa Vincent,6.833333333333333
Noa Vincent,6.529531568228106
Noa Vincent,6.927285318559557
Noa Vincent,6.488888888888889
Owen Bernard,7.007905138339921
Owen Bernard,6.849846782431052
Owen Bernard,6.735059760956175
Owen Bernard,6.450292397660819
Owen Bernard,7.007905138339921
Owen Bernard,7.007905138339921
Owen Bernard,6.2437137330754355
Owen Blanc,6.714285714285714
Owen Blanc,6.769154228855721
Owen Blanc,6.678172588832488
Owen Bourgeois,6.850156087408949
Owen Bourgeois,6.471751412429379
Owen Bourgeois,6.9958932238193015
Owen Bourgeois,6.944973544973545
Owen Bourgeois,6.69331983805668
Owen Bourgeois,6.44466800804829
Owen Bourgeois,6.771058315334773
Owen Chevalier,6.698924731182796
Owen Chevalier,6.59765625
Owen Chevalier,6.993548387096774
Owen Chevalier,6.748414376321353
Owen Chevalier,6.562118126272912
Owen Dupont,6.92578125
Owen Dupont,6.518304431599229
Owen Dupont,6.872469635627531
Owen Dupont,7.05511811023622
Owen Dupont,6.990215264187867
Owen Dupont,6.738601823708207
Owen Faure,6.660624370594159
Owen Faure,6.60233918128655
Owen Faure,6.687374749498998
Owen Faure,6.967010309278351
Owen Fontaine,6.711538461538462
Owen Fontaine,6.2437137330754355
Owen Fontaine,6.807302231237323
Owen Garnier,6.748106815464328
Owen Garnier,6.698924731182796
Owen Garnier,6.783638320775027
Owen Garnier,6.656015037593985
Owen Laurent,6.6819126819126815
Owen Laurent,6.936781609195402
Owen Lefevre,7.004098360655738
Owen Lefevre,6.83234126984127
Owen Lefevre,7.017857142857143
Owen Marin,6.311890838206628
Owen Marin,6.408536585365853
Owen Mercier,6.462301587301587
Owen Mercier,6.736434108527132
Owen Mercier,6.706706706706707
Owen Mercier,6.1689059500959695
Owen Mercier,6.414529914529915
Owen Mercier,6.562118126272912
Owen Mercier,6.92578125
Owen Moreau,6.485532123589995
Owen Moreau,6.6819126819126815
Owen Moreau,6.1689059500959695
Owen Moreau,7.133333333333334
Owen Moreau,6.414529914529915
Owen Perrin,6.711538461538462
Owen Perrin,7.47119341563786
Owen Perrin,6.787593984962406
Owen Perrin,6.59765625
Owen Perrin,6.931464174454828
Owen Perrin,6.59765625
Owen Perrin,6.717267552182163
Owen Petit,6.570564516129032
Owen Petit,7.16247582205029
Owen Petit,6.656015037593985
Owen Robin,6.609706774519717
Owen Robin,6.783673469387755
Owen Robin,6.862003780718337
Owen Robin,6.440891472868217
Owen Rousseau,6.868534482758621
Owen Rousseau,6.576470588235294
Owen Rousseau,6.831325301204819
Owen Rousseau,6.307992202729045
Owen Rousseau,6.736434108527132
Owen Rousseau,6.804393305439331
Owen Rousseau,7.133333333333334
Owen Rousseau,6.257692307692308
Owen Vincent,7.036734693877551
Owen Vincent,7.0328879753340185
Owen Vincent,7.309271523178808
Owen Vincent,6.417582417582418
Riley Bernard,6.307992202729045
Riley Blanc,6.663522012578617
Riley Blanc,7.0772357723577235
Riley Blanc,6.993548387096774
Riley Blanc,6.253240279162513
Riley Blanc,6.27348643006263
Riley Blanc,6.130612244897959
Riley Blanc,6.4760994263862335
Riley Blanc,6.4070247933884295
Riley Bourgeois,6.367469879518072
Riley Bourgeois,6.774193548387097
Riley Bourgeois,6.595978062157221
Riley Bourgeois,6.993548387096774
Riley Bourgeois,6.760847628657921
Riley Chevalier,7.214437367303609
Riley Chevalier,6.561349693251533
Riley Chevalier,6.975806451612903
Riley Chevalier,6.307992202729045
Riley Dupont,6.223360655737705
Riley Dupont,6.20985401459854
Riley Dupont,6.20985401459854
Riley Faure,6.518304431599229
Riley Faure,6.947261663286004
Riley Faure,6.311890838206628
Riley Fontaine,6.444664031620554
Riley Garnier,6.831325301204819
Riley Garnier,6.736434108527132
Riley Garnier,6.560951437066402
Riley Garnier,6.859213250517598
Riley Garnier,6.367469879518072
Riley Garnier,7.01875
Riley Laurent,7.05664263645726
Riley Laurent,7.023445463812436
Riley Laurent,7.133333333333334
Riley Lefevre,6.859213250517598
Riley Lefevre,6.6819126819126815
Riley Lefevre,6.675785207700101
Riley Lefevre,5.98828125
Riley Marin,6.554095045500506
Riley Marin,6.965587044534413
Riley Marin,6.693251533742331
Riley Marin,6.2824267782426775
Riley Marin,6.954268292682927
Riley Mercier,6.922290388548057
Riley Mercier,6.862068965517241
Riley Mercier,6.734143049932523
Riley Moreau,6.223360655737705
Riley Moreau,6.783673469387755
Riley Moreau,6.1689059500959695
Riley Moreau,7.036734693877551
Riley Moreau,7.133333333333334
Riley Moreau,6.679631525076766
Riley Moreau,6.969543147208122
Riley Moreau,6.396825396825397
Riley Moreau,6.978813559322034
Riley Perrin,6.656015037593985
Riley Perrin,6.49505928853755
Riley Petit,6.4760994263862335
Riley Petit,6.845853658536585
Riley Petit,6.965587044534413
Riley Petit,6.980119284294235
Riley Robin,6.92578125
Riley Robin,6.967010309278351
Riley Robin,6.444664031620554
Riley Rousseau,6.862068965517241
Riley Rousseau,6.5181644359464626
Riley Rousseau,6.495884773662551
Riley Vincent,6.698924731182796
Riley Vincent,7.214437367303609
Riley Vincent,7.214437367303609
Robin Bernard,6.488888888888889
Robin Bernard,6.5879299156391955
Robin Bernard,6.668763102725367
Robin Blanc,6.747157190635452
Robin Blanc,6.859213250517598
Robin Blanc,6.367469879518072
Robin Blanc,6.311890838206628
Robin Bourgeois,6.726114649681529
Robin Bourgeois,6.576470588235294
Robin Chevalier,6.752284263959391
Robin Chevalier,6.4070247933884295
Robin Dupont,6.846960167714885
Robin Dupont,6.444664031620554
Robin Dupont,6.5181644359464626
Robin Dupont,6.4760994263862335
Robin Dupont,6.967010309278351
Robin Faure,6.771058315334773
Robin Faure,7.002036659877801
Robin Fontaine,7.01875
Robin Fontaine,6.997950819672131
Robin Fontaine,6.20985401459854
Robin Fontaine,6.311890838206628
Robin Garnier,6.726114649681529
Robin Garnier,6.468421052631579
Robin Giraud,7.268415741675076
Robin Giraud,7.557312252964427
Robin Giraud,6.488888888888889
Robin Giraud,6.562118126272912
Robin Giraud,6.590361445783133
Robin Giraud,6.711538461538462
Robin Giraud,6.4760994263862335
Robin Laurent,6.963525835866261
Robin Laurent,6.462301587301587
Robin Laurent,6.245579567779961
Robin Lefevre,6.59765625
Robin Lefevre,6.993548387096774
Robin Lefevre,6.922606924643585
Robin Lefevre,6.462301587301587
Robin Lefevre,6.787593984962406
Robin Marin,7.118681318681318
Robin Marin,6.59765625
Robin Marin,6.6605691056910565
Robin Mercier,6.465254798146923
Robin Mercier,6.518304431599229
Robin Mercier,6.726114649681529
Robin Moreau,6.123015873015873
Robin Perrin,6.570564516129032
Robin Perrin,7.007905138339921
Robin Perrin,6.964
Robin Petit,6.462301587301587
Robin Petit,6.512871287128712
Robin Petit,7.002036659877801
Robin Robin,6.518304431599229
Robin Robin,6.787593984962406
Robin Robin,6.726114649681529
Robin Robin,6.656015037593985
Robin Rousseau,7.017857142857143
Robin Rousseau,6.779381443298969
Robin Rousseau,6.429435483870968
Robin Rousseau,6.307992202729045
Robin Rousseau,6.738800827015851
Robin Rousseau,6.60233918128655
Robin Rousseau,6.324873096446701
Robin Vincent,6.783673469387755
Robin Vincent,6.362403100775194
Robin Vincent,6.783968719452591
Sam Bernard,6.534798534798535
Sam Bernard,6.54989816700611
Sam Bernard,6.270321361058601
Sam Bernard,7.007905138339921
Sam Bernard,6.679462571976967
Sam Bernard,6.831325301204819
Sam Bernard,6.4070247933884295
Sam Bernard,6.450757575757576
Sam Blanc,6.639004149377594
Sam Blanc,6.711538461538462
Sam Bourgeois,6.60233918128655
Sam Bourgeois,6.895119418483905
Sam Bourgeois,6.687374749498998
Sam Bourgeois,7.004036326942482
Sam Bourgeois,6.311890838206628
Sam Chevalier,6.690246516613076
Sam Chevalier,6.831325301204819
Sam Chevalier,6.594142259414226
Sam Faure,6.534798534798535
Sam Fontaine,7.002036659877801
Sam Fontaine,6.492509363295881
Sam Fontaine,6.640081799591002
Sam Garnier,6.4760994263862335
Sam Garnier,7.118681318681318
Sam Garnier,6.886503067484663
Sam Garnier,6.961462450592886
Sam Garnier,6.3438735177865615
Sam Giraud,6.429435483870968
Sam Giraud,6.6819126819126815
Sam Giraud,6.787593984962406
Sam Laurent,6.1689059500959695
Sam Laurent,6.967010309278351
Sam Laurent,6.836755646817249
Sam Laurent,6.594142259414226
Sam Laurent,6.410179640718563
Sam Lefevre,6.783673469387755
Sam Lefevre,7.030938123752495
Sam Lefevre,7.557312252964427
Sam Lefevre,6.693251533742331
Sam Marin,6.223360655737705
Sam Marin,6.508130081300813
Sam Marin,6.900314795383001
Sam Marin,6.44466800804829
Sam Mercier,6.716203259827421
Sam Mercier,7.133333333333334
Sam Mercier,7.163672654690619
Sam Mercier,6.641050583657588
Sam Mercier,7.47119341563786
Sam Mercier,6.826258637709773
Sam Mercier,6.682634730538922
Sam Moreau,6.936781609195402
Sam Moreau,6.534798534798535
Sam Moreau,7.163672654690619
Sam Perrin,6.268700787401575
Sam Petit,6.9502487562189055
Sam Petit,6.8844953173777315
Sam Robin,6.800395256916996
Sam Robin,6.694133157547792
Sam Robin,6.27348643006263
Sam Robin,6.787593984962406
Sam Rousseau,6.294589178356714
Sam Rousseau,7.557312252964427
Sam Rousseau,7.252049180327869
Sam Rousseau,7.133333333333334
Sam Rousseau,6.450757575757576
Sam Rousseau,7.133333333333334
Sam Rousseau,6.748414376321353
Sam Vincent,6.594142259414226
Sasha Bernard,6.5745909528392685
Sasha Bernard,6.294589178356714
Sasha Bernard,6.59765625
Sasha Blanc,6.6819126819126815
Sasha Blanc,6.855194123819517
Sasha Bourgeois,6.491440080563947
Sasha Bourgeois,6.590361445783133
Sasha Bourgeois,7.118681318681318
Sasha Chevalier,6.467980295566503
Sasha Chevalier,7.16247582205029
Sasha Dupont,6.980119284294235
Sasha Dupont,6.570564516129032
Sasha Dupont,6.742636746143058
Sasha Dupont,6.640081799591002
Sasha Faure,6.284326424870466
Sasha Fontaine,7.3037475345167655
Sasha Fontaine,6.414529914529915
Sasha Fontaine,6.606811145510836
Sasha Fontaine,6.426052889324192
Sasha Fontaine,6.450757575757576
Sasha Garnier,6.783673469387755
Sasha Garnier,7.008602150537635
Sasha Garnier,6.890518084066471
Sasha Garnier,7.070796460176991
Sasha Garnier,6.947261663286004
Sasha Giraud,7.002036659877801
Sasha Giraud,6.429435483870968
Sasha Giraud,6.640748031496063
Sasha Giraud,6.27348643006263
Sasha Giraud,6.257692307692308
Sasha Giraud,6.503315649867374
Sasha Laurent,6.855172413793103
Sasha Laurent,6.872469635627531
Sasha Laurent,6.470370370370371
Sasha Lefevre,7.0772357723577235
Sasha Lefevre,6.767911200807266
Sasha Lefevre,7.557312252964427
Sasha Lefevre,6.771060455896928
Sasha Lefevre,6.782580222658808
Sasha Marin,6.7008032128514055
Sasha Marin,6.60233918128655
Sasha Marin,6.294589178356714
Sasha Marin,7.013052208835341
Sasha Marin,6.4070247933884295
Sasha Mercier,7.47119341563786
Sasha Mercier,6.245579567779961
Sasha Mercier,6.6074672048435925
Sasha Mercier,6.726114649681529
Sasha Perrin,7.133333333333334
Sasha Perrin,6.71513353115727
Sasha Perrin,6.367469879518072
Sasha Perrin,6.978813559322034
Sasha Petit,6.807302231237323
Sasha Petit,6.398809523809524
Sasha Robin,6.611924686192468
Sasha Robin,6.311890838206628
Sasha Robin,6.7008032128514055
Sasha Rousseau,6.448897795591182
Sasha Rousseau,6.8350622406639
Sasha Rousseau,6.570564516129032
Sasha Rousseau,7.008056394763344
Sasha Rousseau,6.72020202020202
Sasha Rousseau,6.736434108527132
Sasha Rousseau,6.2824267782426775
Sasha Rousseau,6.348884381338743
Sasha Rousseau,6.717267552182163
Sasha Vincent,7.214437367303609
Sky Bernard,6.595978062157221
Sky Bernard,6.348884381338743
Sky Bernard,6.7008032128514055
Sky Blanc,6.59765625
Sky Blanc,6.990215264187867
Sky Blanc,6.123015873015873
Sky Blanc,6.748133061778683
Sky Bourgeois,6.414529914529915
Sky Bourgeois,6.408536585365853
Sky Bourgeois,6.693251533742331
Sky Bourgeois,6.5181644359464626
Sky Chevalier,6.728148657949071
Sky Chevalier,6.750499001996008
Sky Chevalier,6.20985401459854
Sky Dupont,6.993548387096774
Sky Dupont,6.838071065989848
Sky Faure,6.679462571976967
Sky Faure,6.2437137330754355
Sky Faure,7.16247582205029
Sky Fontaine,7.47119341563786
Sky Fontaine,6.831325301204819
Sky Garnier,6.736434108527132
Sky Giraud,7.002036659877801
Sky Giraud,6.699502487562189
Sky Giraud,6.4070247933884295
Sky Giraud,7.081780538302278
Sky Giraud,6.488888888888889
Sky Giraud,7.085
Sky Laurent,6.311890838206628
Sky Laurent,6.4070247933884295
Sky Laurent,7.133333333333334
Sky Laurent,6.525172754195459
Sky Lefevre,6.838709677419355
Sky Lefevre,6.450757575757576
Sky Marin,6.689416419386745
Sky Marin,6.455165692007797
Sky Marin,7.004098360655738
Sky Marin,7.01875
Sky Mercier,6.307992202729045
Sky Moreau,6.687374749498998
Sky Moreau,6.954268292682927
Sky Moreau,6.893660531697342
Sky Perrin,6.748414376321353
Sky Perrin,6.7197265625
Sky Petit,6.748414376321353
Sky Petit,6.57085020242915
Sky Petit,6.691521961184883
Sky Petit,6.510526315789473
Sky Robin,6.294589178356714
Sky Robin,7.036734693877551
Sky Rousseau,6.566733067729084
Sky Rousseau,7.3037475345167655
Sky Rousseau,6.373517786561265
Sky Rousseau,6.462301587301587
Sky Vincent,7.118681318681318
Sky Vincent,6.787593984962406
Sky Vincent,6.367469879518072
Sky Vincent,6.939036381514257
Sky Vincent,6.868534482758621
Taylor Bernard,6.595978062157221
Taylor Blanc,6.990215264187867
Taylor Blanc,6.872469635627531
Taylor Blanc,6.957528957528957
Taylor Bourgeois,6.624
Taylor Bourgeois,6.506478209658422
Taylor Bourgeois,6.893193717277487
Taylor Bourgeois,6.990215264187867
Taylor Bourgeois,6.978813559322034
Taylor Chevalier,6.4070247933884295
Taylor Chevalier,6.674772036474164
Taylor Chevalier,6.723120837297811
Taylor Chevalier,6.771058315334773
Taylor Chevalier,6.448897795591182
Taylor Chevalier,6.529531568228106
Taylor Chevalier,6.414529914529915
Taylor Dupont,6.5448658649398705
Taylor Dupont,6.831325301204819
Taylor Faure,6.414529914529915
Taylor Faure,6.936781609195402
Taylor Faure,6.787593984962406
Taylor Faure,7.049740932642487
Taylor Fontaine,6.831325301204819
Taylor Fontaine,6.564346997140134
Taylor Fontaine,6.27348643006263
Taylor Fontaine,6.492509363295881
Taylor Garnier,6.776088458880443
Taylor Garnier,7.47119341563786
Taylor Garnier,6.741966893865628
Taylor Garnier,6.590361445783133
Taylor Giraud,6.6894472361809045
Taylor Giraud,6.656015037593985
Taylor Laurent,6.614785992217898
Taylor Laurent,6.488888888888889
Taylor Lefevre,6.687374749498998
Taylor Lefevre,6.429435483870968
Taylor Marin,6.691699604743083
Taylor Marin,6.92578125
Taylor Marin,7.16247582205029
Taylor Marin,6.92578125
Taylor Marin,6.437785678009142
Taylor Mercier,6.576470588235294
Taylor Mercier,6.693251533742331
Taylor Mercier,6.868534482758621
Taylor Mercier,6.806102362204724
Taylor Moreau,6.448897795591182
Taylor Moreau,6.823410696266397
Taylor Moreau,6.590361445783133
Taylor Moreau,6.450292397660819
Taylor Moreau,6.488888888888889
Taylor Perrin,6.44466800804829
Taylor Perrin,6.470705064548163
Taylor Perrin,6.4070247933884295
Taylor Perrin,7.01875
Taylor Perrin,6.978813559322034
Taylor Perrin,6.726114649681529
Taylor Perrin,6.967010309278351
Taylor Petit,6.862068965517241
Taylor Robin,6.640081799591002
Taylor Robin,6.8057602143335565
Taylor Robin,6.518304431599229
Taylor Robin,6.679462571976967
Taylor Robin,7.118681318681318
Taylor Rousseau,6.687374749498998
Taylor Rousseau,6.672300469483568
Taylor Rousseau,7.05511811023622
Taylor Rousseau,6.492517006802721
Taylor Rousseau,6.20985401459854
Taylor Rousseau,6.965587044534413
Taylor Rousseau,6.990215264187867
Taylor Rousseau,6.687374749498998
Taylor Rousseau,7.002036659877801
Taylor Rousseau,6.862068965517241
Taylor Rousseau,6.922606924643585
Taylor Vincent,6.957528957528957
Taylor Vincent,6.735632183908046
Taylor Vincent,6.656015037593985
Zoe Bernard,6.294589178356714
Zoe Bernard,6.993548387096774
Zoe Bernard,6.6605691056910565
Zoe Blanc,6.130612244897959
Zoe Blanc,6.245579567779961
Zoe Bourgeois,6.862003780718337
Zoe Bourgeois,7.118681318681318
Zoe Bourgeois,7.315096251266464
Zoe Chevalier,6.367469879518072
Zoe Chevalier,6.414529914529915
Zoe Chevalier,6.661750245821042
Zoe Dupont,7.05511811023622
Zoe Dupont,6.945752302968271
Zoe Faure,6.711538461538462
Zoe Fontaine,6.4070247933884295
Zoe Fontaine,6.323558162267839
Zoe Fontaine,6.20985401459854
Zoe Garnier,7.133333333333334
Zoe Garnier,6.428280773143438
Zoe Garnier,6.259189443920829
Zoe Giraud,6.748414376321353
Zoe Giraud,7.47119341563786
Zoe Giraud,6.698924731182796
Zoe Laurent,6.2437137330754355
Zoe Laurent,6.593501326259947
Zoe Lefevre,6.234704112337011
Zoe Lefevre,6.631472081218274
Zoe Marin,6.859213250517598
Zoe Mercier,6.957528957528957
Zoe Mercier,6.1689059500959695
Zoe Mercier,6.2437137330754355
Zoe Moreau,6.675840978593272
Zoe Moreau,6.862003780718337
Zoe Moreau,6.576470588235294
Zoe Moreau,6.529531568228106
Zoe Moreau,6.733333333333333
Zoe Moreau,7.16247582205029
Zoe Moreau,6.594142259414226
Zoe Perrin,7.273006134969325
Zoe Perrin,6.851084812623274
Zoe Perrin,6.369318181818182
Zoe Petit,6.2437137330754355
Zoe Petit,6.590361445783133
Zoe Robin,6.571988246816846
Zoe Robin,6.450292397660819
Zoe Robin,6.123015873015873
Zoe Robin,6.492509363295881
Zoe Robin,6.980119284294235
Zoe Rousseau,6.576470588235294
Zoe Rousseau,6.735632183908046
Zoe Rousseau,6.735632183908046
Zoe Rousseau,5.98828125
Zoe Rousseau,6.924430641821946
Zoe Rousseau,6.44466800804829
Zoe Vincent,6.294589178356714
Zoe Vincent,6.712690355329949
Zoe Vincent,6.529531568228106
Zoe Vincent,6.4600577478344565
